source,target
1,633
10,124
10,421
10,633
10,656
10,673
10,732
10,828
10,99
100,767
101,219
102,727
103,221
103,230
103,255
103,335
103,368
103,400
103,416
103,441
103,474
103,568
103,581
103,692
103,711
103,786
103,810
103,823
103,882
103,897
104,219
106,107
106,129
106,153
106,221
106,240
106,246
106,253
106,261
106,289
106,305
106,325
106,336
106,339
106,349
106,366
106,368
106,376
106,381
106,388
106,398
106,400
106,401
106,415
106,416
106,432
106,452
106,479
106,490
106,50
106,505
106,530
106,549
106,550
106,553
106,555
106,558
106,566
106,571
106,572
106,573
106,581
106,585
106,597
106,603
106,616
106,62
106,627
106,633
106,637
106,663
106,673
106,68
106,681
106,693
106,696
106,700
106,704
106,714
106,727
106,763
106,767
106,774
106,785
106,786
106,81
106,817
106,828
106,855
106,877
106,896
107,381
107,391
107,452
107,656
107,666
107,697
107,7
107,817
107,836
107,890
108,828
109,197
109,727
109,815
11,828
110,842
113,875
115,307
115,35
115,487
115,704
115,840
116,219
117,196
117,225
117,230
117,398
117,457
117,496
117,501
117,550
117,568
117,62
117,625
117,663
117,666
117,667
117,692
117,728
117,751
117,786
117,81
117,810
117,830
117,882
118,171
118,216
118,448
118,502
118,516
118,517
118,568
118,577
118,682
118,842
119,257
119,476
119,512
119,517
119,778
119,828
119,851
12,897
121,335
121,417
121,525
121,568
121,708
121,79
122,186
122,226
122,667
123,767
125,176
125,219
125,317
125,428
125,517
125,555
125,634
125,681
125,720
125,727
125,828
125,870
126,197
126,219
126,267
126,335
126,397
126,400
126,536
126,568
126,605
126,667
126,67
126,711
126,721
127,727
128,281
128,391
128,434
128,452
128,694
128,697
129,130
129,131
129,145
129,151
129,160
129,185
129,196
129,197
129,202
129,219
129,230
129,260
129,267
129,274
129,312
129,335
129,368
129,376
129,39
129,391
129,400
129,416
129,452
129,48
129,488
129,5
129,501
129,517
129,535
129,555
129,561
129,562
129,581
129,628
129,656
129,663
129,666
129,696
129,697
129,730
129,775
129,786
129,79
129,815
129,823
129,828
129,836
129,870
129,871
129,891
129,894
13,130
13,160
13,195
13,197
13,202
13,217
13,240
13,274
13,315
13,317
13,335
13,366
13,381
13,400
13,416
13,420
13,437
13,441
13,457
13,48
13,501
13,522
13,555
13,562
13,568
13,663
13,679
13,697
13,72
13,725
13,727
13,751
13,763
13,786
13,799
13,810
13,817
13,823
13,828
13,830
13,86
13,871
13,894
13,99
130,133
130,145
130,160
130,195
130,202
130,221
130,246
130,27
130,285
130,322
130,336
130,339
130,341
130,349
130,366
130,376
130,381
130,388
130,398
130,428
130,432
130,442
130,452
130,457
130,501
130,511
130,522
130,549
130,550
130,555
130,558
130,562
130,57
130,571
130,573
130,581
130,603
130,613
130,616
130,62
130,625
130,628
130,646
130,663
130,68
130,693
130,694
130,700
130,704
130,722
130,725
130,727
130,728
130,745
130,775
130,781
130,785
130,786
130,81
130,810
130,815
130,828
130,858
130,861
130,871
130,877
130,882
130,888
130,896
130,96
130,99
131,202
131,204
131,219
131,265
131,274
131,303
131,304
131,325
131,393
131,407
131,410
131,416
131,457
131,461
131,488
131,509
131,512
131,537
131,550
131,555
131,581
131,6
131,613
131,62
131,656
131,663
131,682
131,696
131,727
131,767
131,775
131,786
131,797
131,810
131,817
131,830
131,832
131,842
131,877
131,882
131,891
131,904
132,216
132,517
132,602
132,682
132,79
132,828
132,866
133,14
133,196
133,219
133,274
133,281
133,513
133,555
133,640
133,7
133,836
133,890
134,335
134,708
135,555
136,219
136,322
136,740
136,810
139,266
139,45
139,531
139,634
139,682
139,708
139,711
139,723
14,160
14,166
14,197
14,21
14,221
14,231
14,246
14,253
14,29
14,305
14,325
14,336
14,376
14,381
14,388
14,42
14,428
14,434
14,479
14,487
14,50
14,501
14,522
14,530
14,537
14,549
14,550
14,555
14,571
14,581
14,597
14,603
14,613
14,616
14,62
14,625
14,628
14,637
14,663
14,692
14,693
14,694
14,722
14,723
14,727
14,728
14,767
14,774
14,781
14,785
14,815
14,817
14,821
14,83
14,844
14,855
14,861
14,877
14,882
14,888
14,896
14,99
140,274
141,50
141,696
142,21
144,197
144,436
145,169
145,219
145,221
145,225
145,240
145,261
145,279
145,281
145,325
145,339
145,381
145,383
145,401
145,442
145,452
145,461
145,509
145,553
145,555
145,562
145,581
145,597
145,612
145,62
145,633
145,692
145,696
145,727
145,728
145,730
145,775
145,871
145,882
145,9
147,828
148,586
149,727
15,775
150,219
151,202
151,221
151,225
151,240
151,260
151,303
151,325
151,461
151,501
151,537
151,597
151,6
151,663
151,696
151,727
151,786
151,800
151,828
151,86
151,882
152,785
153,307
153,368
153,640
153,810
153,89
154,160
155,240
155,452
155,496
155,767
155,815
155,871
156,335
16,882
160,219
160,225
160,274
160,296
160,325
160,337
160,362
160,407
160,55
160,550
160,555
160,581
160,591
160,596
160,597
160,62
160,625
160,633
160,678
160,682
160,692
160,696
160,697
160,727
160,728
160,775
160,786
160,815
160,828
160,842
160,871
160,882
160,99
161,202
161,214
161,217
161,221
161,225
161,230
161,240
161,260
161,267
161,325
161,332
161,407
161,412
161,443
161,5
161,555
161,562
161,581
161,604
161,682
161,692
161,696
161,727
161,765
161,786
161,817
161,882
161,891
161,894
162,633
164,196
164,221
164,240
164,274
164,452
164,532
164,555
164,633
164,640
164,656
164,697
164,7
164,836
164,871
165,276
166,196
166,219
166,221
166,274
166,29
166,381
166,391
166,452
166,555
166,633
166,640
166,817
166,828
166,836
166,871
166,875
167,235
167,487
167,553
167,581
167,775
167,786
167,87
167,890
167,99
168,188
168,194
168,243
168,26
168,289
168,408
168,433
168,49
168,661
168,726
168,738
168,872
168,876
168,886
169,197
169,225
169,240
169,273
169,284
169,29
169,292
169,337
169,421
169,452
169,461
169,501
169,535
169,659
169,681
169,687
169,696
169,7
169,725
169,727
169,737
169,76
169,761
169,767
169,774
169,775
169,794
169,8
169,815
169,82
169,828
169,836
169,889
169,99
17,617
170,692
171,393
171,610
171,727
171,79
171,866
172,434
172,828
173,202
173,252
173,383
173,687
173,696
173,77
173,775
173,815
174,188
174,194
174,239
174,243
174,347
174,408
174,433
174,49
174,515
174,701
174,790
174,828
174,886
174,903
175,553
175,727
178,696
178,828
179,197
179,219
179,240
179,383
179,501
179,692
179,836
179,99
18,727
180,866
183,185
183,196
183,221
183,240
183,255
183,260
183,261
183,325
183,335
183,368
183,381
183,399
183,416
183,437
183,443
183,461
183,5
183,501
183,509
183,550
183,562
183,568
183,581
183,597
183,613
183,617
183,625
183,663
183,692
183,696
183,728
183,745
183,757
183,786
183,828
183,882
183,99
184,205
185,225
185,260
185,267
185,303
185,325
185,381
185,416
185,461
185,487
185,597
185,606
185,613
185,62
185,625
185,696
185,7
185,727
185,774
185,810
185,828
185,836
185,864
185,871
185,882
185,894
186,797
186,814
188,194
188,234
188,239
188,243
188,26
188,347
188,364
188,433
188,515
188,614
188,635
188,766
188,839
188,848
188,872
188,886
188,903
188,94
189,666
19,727
19,825
191,828
192,842
193,196
193,221
193,240
193,274
193,381
193,391
193,522
193,562
193,633
193,640
193,666
193,7
193,828
193,836
193,871
193,875
193,890
194,243
194,408
194,466
194,472
194,481
194,497
194,510
194,515
194,614
194,635
194,661
194,726
194,766
194,790
194,872
194,886
195,202
195,219
195,225
195,261
195,325
195,407
195,442
195,461
195,550
195,581
195,597
195,62
195,623
195,633
195,640
195,656
195,692
195,721
195,728
195,775
195,81
195,828
195,851
195,871
195,877
195,882
195,890
195,99
196,219
196,240
196,246
196,255
196,260
196,27
196,274
196,285
196,29
196,325
196,336
196,339
196,342
196,349
196,35
196,366
196,376
196,381
196,401
196,407
196,415
196,42
196,428
196,452
196,479
196,490
196,501
196,511
196,517
196,530
196,549
196,550
196,555
196,558
196,57
196,581
196,585
196,597
196,603
196,628
196,633
196,637
196,663
196,673
196,68
196,693
196,694
196,700
196,704
196,725
196,728
196,76
196,763
196,774
196,777
196,781
196,786
196,817
196,855
196,861
196,871
196,888
196,96
197,204
197,219
197,240
197,261
197,267
197,270
197,274
197,276
197,281
197,296
197,325
197,337
197,368
197,376
197,383
197,430
197,437
197,441
197,442
197,452
197,457
197,46
197,485
197,488
197,508
197,509
197,550
197,555
197,56
197,575
197,581
197,597
197,604
197,617
197,624
197,625
197,633
197,656
197,663
197,666
197,684
197,687
197,696
197,697
197,7
197,708
197,714
197,720
197,725
197,727
197,728
197,757
197,767
197,77
197,777
197,786
197,799
197,807
197,81
197,817
197,828
197,834
197,836
197,851
197,870
197,871
197,882
197,890
197,895
197,897
198,499
199,866
20,219
20,221
20,222
20,452
20,479
20,585
20,603
20,633
20,666
20,697
20,700
20,704
20,817
20,821
20,828
20,89
200,815
201,501
201,786
202,204
202,209
202,219
202,221
202,224
202,230
202,240
202,260
202,261
202,281
202,295
202,302
202,303
202,333
202,376
202,381
202,39
202,391
202,400
202,407
202,414
202,420
202,437
202,441
202,452
202,457
202,474
202,485
202,487
202,509
202,51
202,550
202,551
202,555
202,56
202,561
202,562
202,568
202,6
202,61
202,613
202,617
202,624
202,625
202,628
202,640
202,663
202,666
202,667
202,698
202,7
202,708
202,711
202,725
202,727
202,728
202,730
202,735
202,757
202,767
202,774
202,775
202,79
202,799
202,810
202,836
202,866
202,870
202,875
202,890
202,897
202,99
203,303
203,452
204,221
204,225
204,260
204,261
204,325
204,398
204,400
204,416
204,452
204,461
204,555
204,561
204,58
204,62
204,663
204,667
204,692
204,711
204,720
204,727
204,799
204,81
204,815
204,823
204,829
204,830
204,882
204,99
205,617
206,290
207,727
207,828
208,377
208,404
208,602
208,682
208,797
209,219
209,221
209,225
209,230
209,240
209,303
209,315
209,333
209,335
209,381
209,398
209,416
209,441
209,442
209,452
209,485
209,487
209,501
209,527
209,55
209,550
209,562
209,581
209,597
209,62
209,624
209,625
209,633
209,646
209,681
209,725
209,728
209,730
209,79
209,817
209,828
209,829
209,830
209,851
209,877
209,894
21,274
21,292
21,603
21,99
210,217
210,452
210,513
210,633
210,692
210,76
211,219
211,240
211,391
211,500
211,666
211,745
211,815
212,577
213,828
214,485
214,517
214,53
214,602
214,708
214,799
214,829
216,448
216,531
216,708
216,79
216,842
216,902
217,221
217,240
217,260
217,261
217,267
217,281
217,325
217,335
217,381
217,452
217,461
217,485
217,555
217,56
217,597
217,617
217,640
217,646
217,728
217,730
217,767
217,815
217,817
217,825
217,851
217,864
217,870
217,882
217,904
218,666
219,225
219,240
219,255
219,26
219,260
219,261
219,265
219,270
219,274
219,29
219,291
219,294
219,299
219,3
219,303
219,306
219,315
219,325
219,326
219,332
219,341
219,350
219,366
219,381
219,383
219,398
219,400
219,403
219,410
219,416
219,442
219,450
219,452
219,457
219,496
219,501
219,508
219,509
219,514
219,525
219,531
219,55
219,551
219,555
219,560
219,562
219,564
219,566
219,568
219,571
219,576
219,581
219,596
219,6
219,60
219,604
219,605
219,61
219,613
219,633
219,656
219,676
219,682
219,689
219,692
219,696
219,701
219,706
219,708
219,711
219,713
219,714
219,727
219,728
219,730
219,763
219,766
219,767
219,775
219,786
219,79
219,790
219,81
219,810
219,815
219,817
219,825
219,828
219,844
219,846
219,86
219,861
219,868
219,871
219,897
219,94
219,95
219,99
220,727
221,224
221,230
221,246
221,260
221,267
221,274
221,281
221,285
221,29
221,296
221,303
221,305
221,315
221,317
221,322
221,325
221,335
221,339
221,349
221,366
221,368
221,385
221,388
221,391
221,400
221,401
221,407
221,415
221,416
221,434
221,436
221,437
221,442
221,452
221,457
221,485
221,487
221,488
221,490
221,496
221,5
221,50
221,501
221,509
221,527
221,530
221,55
221,550
221,561
221,568
221,573
221,58
221,6
221,60
221,603
221,613
221,628
221,633
221,637
221,640
221,646
221,663
221,666
221,693
221,696
221,7
221,708
221,711
221,728
221,751
221,767
221,781
221,785
221,79
221,81
221,810
221,821
221,828
221,829
221,83
221,830
221,836
221,855
221,86
221,861
221,870
221,871
221,875
221,877
221,882
221,888
221,891
221,96
222,345
222,656
222,692
222,786
222,810
222,828
223,375
223,392
223,745
223,810
224,225
224,230
224,240
224,274
224,381
224,398
224,407
224,416
224,443
224,452
224,501
224,561
224,62
224,692
224,708
224,739
224,79
224,817
224,836
224,882
225,230
225,255
225,260
225,261
225,267
225,281
225,29
225,303
225,315
225,317
225,332
225,335
225,368
225,376
225,383
225,39
225,396
225,407
225,416
225,437
225,441
225,442
225,457
225,474
225,488
225,496
225,509
225,537
225,550
225,555
225,56
225,561
225,58
225,597
225,6
225,61
225,613
225,617
225,625
225,628
225,684
225,711
225,727
225,728
225,730
225,767
225,775
225,79
225,799
225,8
225,807
225,810
225,815
225,817
225,828
225,86
225,864
225,870
225,890
225,894
225,897
225,99
226,303
226,335
226,38
226,602
226,667
226,708
226,711
226,822
228,326
228,343
228,393
228,44
228,507
228,561
228,676
228,727
228,847
229,815
23,568
23,708
230,240
230,261
230,267
230,315
230,335
230,368
230,398
230,400
230,418
230,420
230,441
230,443
230,452
230,457
230,474
230,509
230,527
230,550
230,555
230,56
230,561
230,562
230,58
230,581
230,61
230,613
230,624
230,697
230,708
230,715
230,725
230,727
230,730
230,745
230,751
230,767
230,786
230,79
230,799
230,81
230,810
230,815
230,817
230,829
230,86
230,871
230,99
231,531
232,864
233,517
233,897
234,243
234,26
234,347
234,408
234,433
234,466
234,49
234,614
234,635
234,828
234,903
234,94
235,335
235,452
235,727
235,775
235,8
235,810
235,828
236,90
237,727
238,448
238,69
238,842
239,26
239,347
239,364
239,466
239,481
239,510
239,578
239,661
239,738
239,790
239,839
239,848
239,872
239,886
239,903
239,94
24,303
24,383
24,727
24,77
24,844
240,246
240,255
240,260
240,261
240,267
240,275
240,285
240,292
240,294
240,317
240,336
240,339
240,348
240,349
240,366
240,376
240,382
240,388
240,391
240,398
240,415
240,42
240,420
240,428
240,434
240,436
240,441
240,457
240,46
240,461
240,488
240,490
240,513
240,522
240,530
240,537
240,541
240,55
240,56
240,561
240,562
240,57
240,58
240,581
240,585
240,587
240,6
240,604
240,61
240,637
240,646
240,666
240,667
240,673
240,68
240,693
240,694
240,696
240,697
240,7
240,711
240,727
240,76
240,768
240,77
240,774
240,777
240,781
240,785
240,8
240,810
240,821
240,823
240,828
240,83
240,830
240,836
240,855
240,858
240,86
240,870
240,890
240,891
240,894
240,896
240,99
241,727
242,517
243,26
243,347
243,364
243,408
243,472
243,481
243,49
243,510
243,515
243,635
243,701
243,726
243,766
243,839
243,848
243,872
243,886
243,94
246,274
246,391
246,562
246,656
246,666
246,697
246,727
246,755
246,817
246,871
246,875
247,727
248,27
249,252
249,376
249,605
249,777
250,270
251,807
252,379
252,39
252,391
252,421
252,477
252,581
252,633
252,828
252,83
252,845
252,871
253,281
253,288
253,511
253,633
253,666
253,7
253,704
253,838
253,875
255,273
255,281
255,296
255,317
255,437
255,452
255,485
255,487
255,51
255,528
255,555
255,581
255,633
255,663
255,687
255,692
255,696
255,786
255,807
255,815
255,828
255,836
255,871
255,882
257,377
257,517
257,79
257,842
257,866
258,745
259,297
26,364
26,433
26,466
26,472
26,49
26,497
26,614
26,635
26,661
26,726
26,790
26,876
26,886
26,94
260,296
260,317
260,325
260,335
260,368
260,381
260,391
260,396
260,407
260,437
260,443
260,452
260,474
260,48
260,488
260,496
260,5
260,509
260,555
260,561
260,58
260,60
260,604
260,613
260,62
260,625
260,646
260,670
260,692
260,696
260,708
260,720
260,725
260,728
260,751
260,767
260,774
260,786
260,81
260,817
260,828
260,851
260,86
260,870
260,877
260,882
261,267
261,29
261,296
261,317
261,335
261,34
261,366
261,368
261,381
261,389
261,391
261,400
261,416
261,437
261,443
261,485
261,501
261,509
261,522
261,537
261,541
261,55
261,562
261,581
261,594
261,61
261,613
261,628
261,663
261,692
261,696
261,708
261,725
261,730
261,757
261,763
261,767
261,775
261,777
261,799
261,810
261,817
261,828
261,830
261,870
261,871
261,875
261,882
261,894
262,452
263,602
264,561
265,335
265,870
266,268
266,309
266,476
266,502
266,602
266,69
266,79
267,325
267,368
267,381
267,391
267,400
267,420
267,437
267,452
267,457
267,461
267,474
267,483
267,487
267,488
267,501
267,509
267,525
267,55
267,555
267,561
267,562
267,568
267,58
267,581
267,6
267,61
267,613
267,625
267,640
267,646
267,656
267,696
267,708
267,712
267,720
267,725
267,727
267,775
267,786
267,79
267,807
267,810
267,815
267,828
267,829
267,86
267,870
267,882
267,891
268,828
268,829
269,7
27,274
27,391
27,452
27,511
27,555
27,633
27,640
27,656
27,697
27,828
27,871
27,875
270,485
270,497
270,522
270,727
270,828
271,398
271,476
273,555
273,745
273,77
274,285
274,305
274,310
274,317
274,325
274,333
274,335
274,336
274,339
274,349
274,356
274,366
274,376
274,379
274,381
274,386
274,388
274,39
274,396
274,398
274,400
274,407
274,415
274,432
274,479
274,485
274,488
274,490
274,5
274,501
274,509
274,522
274,530
274,554
274,558
274,57
274,574
274,58
274,581
274,585
274,597
274,6
274,60
274,603
274,606
274,61
274,616
274,62
274,627
274,656
274,663
274,666
274,667
274,693
274,697
274,7
274,700
274,708
274,725
274,727
274,728
274,729
274,730
274,767
274,781
274,786
274,807
274,81
274,815
274,828
274,836
274,838
274,840
274,851
274,855
274,864
274,870
274,875
274,877
274,882
274,890
274,891
274,96
274,99
276,383
276,786
276,882
277,651
28,511
281,339
281,349
281,366
281,376
281,388
281,415
281,434
281,436
281,50
281,501
281,511
281,52
281,522
281,535
281,549
281,558
281,562
281,62
281,692
281,694
281,696
281,700
281,704
281,775
281,781
281,786
281,815
281,828
281,830
281,855
281,888
281,99
284,345
284,477
284,501
284,692
284,745
284,774
284,810
284,861
285,391
285,452
285,555
285,656
285,666
285,697
285,727
285,755
285,871
286,828
287,727
29,297
29,325
29,376
29,391
29,550
29,555
29,61
29,62
29,624
29,633
29,640
29,666
29,692
29,699
29,728
29,781
29,786
29,81
29,817
29,836
29,877
29,879
29,882
29,891
292,391
292,555
292,815
292,99
296,325
296,335
296,416
296,437
296,442
296,452
296,474
296,501
296,537
296,55
296,550
296,555
296,581
296,597
296,625
296,692
296,775
296,786
296,79
296,807
296,828
296,870
296,882
296,89
297,441
297,450
297,517
297,568
297,578
297,602
297,622
297,711
297,727
297,765
297,775
297,783
297,832
297,904
30,383
300,349
303,376
303,39
303,391
303,441
303,452
303,48
303,488
303,522
303,527
303,55
303,555
303,561
303,562
303,568
303,6
303,626
303,633
303,640
303,646
303,667
303,697
303,711
303,763
303,79
303,799
303,815
303,830
303,882
303,99
305,381
305,391
305,555
305,562
305,633
305,656
305,666
305,697
305,817
305,871
305,890
307,35
307,382
307,52
307,840
307,89
308,315
309,39
310,383
311,400
311,828
313,501
315,325
315,381
315,400
315,452
315,457
315,501
315,550
315,562
315,62
315,692
315,696
315,774
315,79
315,799
315,807
315,817
315,828
315,829
315,830
315,871
316,682
316,765
316,820
316,851
316,894
317,335
317,501
317,537
317,550
317,555
317,56
317,561
317,562
317,568
317,581
317,633
317,663
317,692
317,696
317,727
317,728
317,767
317,786
317,799
317,807
317,817
317,828
317,830
317,870
317,871
317,897
317,99
318,842
32,452
321,727
322,391
322,488
322,7
322,755
322,763
322,777
322,786
322,817
322,871
322,875
322,882
322,890
323,816
324,728
325,376
325,381
325,39
325,391
325,398
325,443
325,457
325,5
325,501
325,527
325,555
325,6
325,605
325,61
325,628
325,646
325,658
325,666
325,676
325,692
325,697
325,7
325,708
325,730
325,751
325,79
325,815
325,817
325,829
325,836
325,875
325,882
325,890
325,894
325,99
326,335
326,509
326,568
326,602
326,72
326,727
326,79
326,829
326,842
326,882
326,89
326,899
327,452
33,517
330,727
331,871
332,335
332,410
332,528
332,645
332,711
332,79
332,828
332,830
332,904
333,383
333,416
333,452
333,461
333,55
333,555
333,581
333,674
333,687
333,696
333,727
333,730
333,775
333,815
333,828
333,830
333,870
334,692
335,343
335,381
335,487
335,494
335,496
335,509
335,516
335,55
335,550
335,555
335,561
335,58
335,61
335,613
335,617
335,62
335,625
335,663
335,676
335,692
335,696
335,708
335,727
335,730
335,767
335,774
335,775
335,786
335,799
335,81
335,810
335,817
335,828
335,86
335,867
335,870
335,882
335,89
335,894
335,904
336,376
336,452
336,555
336,633
336,640
336,656
336,7
336,727
336,836
336,875
336,890
337,725
337,727
337,745
337,774
337,810
338,890
339,381
339,391
339,452
339,633
339,640
339,656
339,7
339,836
339,890
34,711
341,625
341,866
342,376
342,385
342,409
342,45
342,502
342,517
342,727
342,866
342,904
343,410
343,522
343,667
343,682
343,692
343,727
343,807
343,851
343,904
344,871
345,383
345,578
345,581
345,714
345,767
345,775
345,830
346,517
347,364
347,472
347,481
347,49
347,510
347,661
347,671
347,683
347,701
347,738
347,766
347,790
347,839
347,848
347,903
348,725
348,727
348,871
349,391
349,452
349,504
349,555
349,562
349,640
349,666
349,697
349,817
349,828
349,836
349,875
35,350
35,511
35,817
35,838
35,840
35,89
350,452
350,52
350,555
350,838
351,727
353,775
357,838
358,428
359,409
359,448
359,866
360,99
361,836
364,472
364,481
364,49
364,580
364,614
364,661
364,671
364,790
364,839
364,848
364,876
364,903
364,94
365,555
366,391
366,452
366,46
366,501
366,550
366,555
366,581
366,62
366,622
366,625
366,640
366,656
366,666
366,687
366,692
366,696
366,7
366,727
366,728
366,775
366,801
366,815
366,828
366,836
366,871
366,879
366,885
366,890
367,383
367,555
367,656
367,714
367,727
367,763
367,775
367,870
368,381
368,407
368,441
368,461
368,48
368,485
368,5
368,550
368,555
368,562
368,568
368,613
368,62
368,633
368,660
368,663
368,696
368,720
368,727
368,728
368,759
368,775
368,79
368,791
368,810
368,815
368,817
368,871
368,894
370,734
371,696
372,498
373,476
373,836
374,656
375,633
375,828
376,407
376,441
376,45
376,461
376,485
376,501
376,550
376,555
376,581
376,597
376,625
376,640
376,656
376,666
376,682
376,696
376,7
376,744
376,775
376,81
376,815
376,836
376,875
376,882
376,890
376,99
377,451
377,517
377,708
377,866
378,828
378,894
379,501
379,7
379,727
379,77
379,774
379,775
379,810
379,99
381,388
381,39
381,391
381,400
381,414
381,415
381,42
381,420
381,436
381,437
381,441
381,452
381,48
381,485
381,487
381,501
381,505
381,511
381,513
381,527
381,541
381,55
381,555
381,568
381,57
381,571
381,573
381,585
381,6
381,60
381,61
381,627
381,633
381,637
381,646
381,648
381,656
381,663
381,666
381,673
381,692
381,693
381,694
381,697
381,700
381,708
381,711
381,723
381,725
381,727
381,728
381,729
381,736
381,767
381,774
381,775
381,781
381,785
381,79
381,810
381,816
381,828
381,836
381,855
381,86
381,861
381,870
381,875
381,888
381,891
381,894
381,99
382,511
382,640
383,429
383,46
383,474
383,55
383,564
383,633
383,640
383,673
383,692
383,696
383,722
383,727
383,761
383,799
383,810
383,817
383,828
383,856
383,871
383,882
383,889
385,633
385,745
385,815
385,841
385,871
386,828
388,391
388,452
388,555
388,562
388,640
388,666
388,697
388,794
388,817
388,836
388,871
388,890
39,400
39,452
39,461
39,501
39,55
39,550
39,555
39,562
39,581
39,62
39,625
39,633
39,663
39,692
39,696
39,727
39,728
39,774
39,777
39,786
39,81
39,810
39,817
39,871
39,877
39,891
390,842
391,401
391,415
391,42
391,428
391,434
391,436
391,437
391,442
391,452
391,479
391,501
391,505
391,511
391,530
391,549
391,550
391,555
391,558
391,562
391,57
391,571
391,573
391,581
391,597
391,603
391,616
391,62
391,625
391,627
391,628
391,633
391,673
391,693
391,694
391,696
391,700
391,704
391,728
391,767
391,781
391,785
391,786
391,81
391,815
391,816
391,821
391,828
391,83
391,838
391,861
391,871
391,877
391,888
391,896
391,96
392,555
392,687
392,725
392,745
392,775
392,789
392,810
392,828
393,410
393,779
394,727
395,696
395,708
395,904
396,400
396,407
396,442
396,5
396,537
396,562
396,62
396,625
396,663
396,667
396,728
396,799
396,810
396,817
396,864
396,882
396,891
396,894
397,667
397,775
397,79
398,416
398,437
398,442
398,485
398,511
398,550
398,555
398,568
398,581
398,597
398,663
398,692
398,706
398,727
398,774
398,775
398,786
398,823
398,829
398,830
398,875
398,877
398,894
4,550
40,866
400,407
400,410
400,420
400,442
400,443
400,452
400,461
400,48
400,482
400,527
400,555
400,58
400,589
400,597
400,604
400,61
400,63
400,633
400,696
400,72
400,720
400,727
400,728
400,751
400,765
400,799
400,81
400,817
400,828
400,830
400,871
400,882
401,511
401,555
401,640
401,7
401,828
401,836
401,890
401,896
404,45
404,502
404,780
405,828
406,555
407,48
407,487
407,522
407,537
407,55
407,555
407,562
407,568
407,581
407,6
407,633
407,681
407,697
407,708
407,727
407,730
407,767
407,774
407,79
407,810
407,817
407,828
407,830
407,871
407,875
407,894
407,99
408,472
408,481
408,49
408,510
408,515
408,614
408,635
408,661
408,671
408,701
408,738
408,772
408,790
408,839
408,876
408,886
408,903
409,45
409,476
409,517
409,610
41,828
410,517
410,651
410,667
410,715
410,72
410,79
410,829
410,904
412,448
412,740
412,780
412,814
412,842
413,871
414,562
414,633
414,727
414,786
415,452
415,555
415,562
415,633
415,656
415,7
415,836
415,871
415,875
415,890
416,420
416,441
416,442
416,443
416,474
416,48
416,496
416,5
416,509
416,55
416,555
416,561
416,562
416,568
416,575
416,581
416,6
416,617
416,624
416,633
416,646
416,692
416,7
416,708
416,725
416,728
416,763
416,79
416,799
416,828
416,829
416,877
416,883
416,890
416,897
416,99
417,702
417,79
42,452
42,511
42,532
42,555
42,562
42,656
42,697
42,836
42,890
420,452
420,461
420,485
420,487
420,488
420,501
420,550
420,555
420,581
420,597
420,667
420,692
420,725
420,767
420,799
420,817
420,830
420,875
420,877
420,894
421,727
421,745
421,807
421,828
422,842
425,555
427,451
428,532
428,562
428,656
428,666
428,697
428,7
428,727
428,836
428,875
428,895
429,555
429,571
429,613
429,7
429,725
429,77
429,810
43,828
430,485
430,828
430,866
431,81
432,452
432,555
432,633
432,640
432,656
432,666
432,7
432,871
432,875
433,472
433,481
433,515
433,671
433,876
433,886
434,452
434,640
434,656
434,697
434,817
435,828
436,452
436,555
436,562
436,656
436,666
436,7
436,727
436,828
436,836
436,871
436,875
437,441
437,501
437,537
437,561
437,562
437,58
437,60
437,61
437,633
437,667
437,692
437,720
437,725
437,728
437,786
437,815
437,817
437,823
437,828
437,830
437,870
437,99
439,550
44,485
44,79
440,871
441,485
441,487
441,550
441,561
441,581
441,596
441,613
441,625
441,656
441,667
441,676
441,692
441,696
441,728
441,774
441,775
441,786
441,818
441,828
441,829
441,882
441,890
442,457
442,501
442,522
442,527
442,55
442,555
442,561
442,562
442,581
442,6
442,60
442,633
442,656
442,697
442,7
442,708
442,763
442,774
442,815
442,817
442,828
442,830
442,851
442,871
442,894
442,99
443,452
443,485
443,487
443,537
443,568
443,581
443,708
443,727
443,730
443,775
446,682
447,561
448,476
448,581
448,622
448,866
449,57
45,517
45,531
45,610
45,699
45,902
450,667
450,711
450,727
450,763
450,829
450,842
450,866
451,517
451,531
451,682
451,697
451,842
452,457
452,46
452,461
452,474
452,485
452,488
452,501
452,505
452,509
452,511
452,523
452,530
452,532
452,537
452,541
452,549
452,550
452,558
452,56
452,561
452,562
452,57
452,581
452,585
452,597
452,6
452,60
452,613
452,616
452,62
452,625
452,627
452,637
452,640
452,656
452,663
452,667
452,673
452,68
452,680
452,681
452,696
452,697
452,7
452,704
452,708
452,715
452,725
452,727
452,728
452,730
452,733
452,755
452,757
452,76
452,781
452,785
452,786
452,79
452,799
452,807
452,81
452,816
452,817
452,823
452,828
452,83
452,838
452,855
452,856
452,858
452,861
452,875
452,877
452,888
452,890
452,96
453,602
454,727
456,633
457,527
457,550
457,555
457,568
457,581
457,597
457,62
457,625
457,692
457,711
457,728
457,786
457,828
457,830
457,877
457,882
459,828
46,633
46,767
46,774
46,810
46,828
461,487
461,488
461,496
461,5
461,501
461,522
461,555
461,581
461,60
461,61
461,613
461,628
461,633
461,640
461,663
461,667
461,696
461,697
461,725
461,727
461,763
461,767
461,777
461,786
461,79
461,799
461,851
461,864
461,870
461,871
461,882
461,894
462,727
463,649
465,661
466,481
466,497
466,510
466,515
466,614
466,671
466,701
466,727
466,790
466,903
467,555
468,767
469,492
47,633
470,721
472,49
472,497
472,515
472,635
472,671
472,718
472,738
472,790
472,839
472,848
472,886
472,94
473,727
474,485
474,487
474,501
474,555
474,568
474,581
474,613
474,633
474,692
474,725
474,77
474,774
474,786
474,799
474,828
474,99
476,522
476,577
476,602
476,610
476,842
477,555
477,639
477,692
477,767
477,77
478,727
479,513
479,555
479,640
479,666
479,697
479,7
479,828
479,838
479,871
48,509
48,550
48,581
48,62
48,625
48,663
48,696
48,727
48,77
48,830
48,842
48,851
48,877
48,894
480,633
481,515
481,614
481,726
481,738
481,876
481,886
482,502
482,512
482,531
482,711
482,797
482,866
485,487
485,5
485,550
485,562
485,597
485,60
485,625
485,696
485,708
485,711
485,720
485,728
485,767
485,786
485,807
485,81
485,815
485,817
485,823
485,828
485,86
485,871
485,882
485,99
486,624
487,5
487,511
487,52
487,527
487,532
487,537
487,541
487,62
487,625
487,633
487,663
487,681
487,692
487,696
487,751
487,775
487,79
487,807
487,81
487,830
487,871
487,882
487,897
488,501
488,553
488,555
488,561
488,581
488,667
488,692
488,710
488,711
488,725
488,727
488,767
488,81
488,817
488,828
488,829
488,830
488,891
49,497
49,515
49,635
49,661
49,701
49,738
49,790
49,828
49,839
49,876
49,94
490,555
490,562
490,581
490,633
490,640
490,656
490,666
490,697
490,7
490,817
490,836
490,871
491,602
493,711
494,682
495,56
496,55
496,568
496,597
496,725
496,767
496,79
496,799
496,828
496,829
496,830
496,851
496,870
496,871
496,894
497,515
497,635
497,661
497,701
497,727
497,738
497,839
497,848
497,872
498,550
498,786
498,890
499,711
499,727
5,537
5,550
5,555
5,562
5,625
5,667
5,711
5,728
5,79
5,830
50,511
50,562
50,640
50,656
50,697
50,7
50,727
50,828
50,836
50,838
50,875
50,890
501,537
501,541
501,555
501,561
501,58
501,597
501,6
501,613
501,62
501,624
501,625
501,633
501,656
501,663
501,680
501,7
501,711
501,725
501,727
501,728
501,752
501,757
501,767
501,768
501,774
501,775
501,79
501,810
501,815
501,817
501,828
501,836
501,856
501,866
501,871
501,891
501,894
501,99
502,516
502,517
502,666
502,866
505,555
505,562
505,640
505,656
505,666
505,697
505,7
505,817
505,836
505,875
506,68
508,696
508,715
508,725
508,728
509,541
509,555
509,561
509,562
509,568
509,581
509,597
509,696
509,708
509,725
509,775
509,786
509,799
509,81
509,815
509,819
509,828
509,829
509,836
509,882
509,894
51,727
51,745
51,767
51,810
51,871
51,882
51,99
510,671
510,701
510,722
510,766
510,790
510,876
510,886
511,513
511,52
511,549
511,558
511,562
511,571
511,573
511,603
511,61
511,628
511,633
511,637
511,656
511,666
511,692
511,727
511,767
511,774
511,799
511,81
511,810
511,816
511,821
511,828
511,836
511,858
511,882
511,89
511,890
511,96
512,610
512,727
512,842
512,866
513,555
513,666
513,697
513,828
513,877
515,614
515,671
515,726
515,727
515,738
515,876
515,886
516,577
516,644
516,682
516,844
517,525
517,577
517,59
517,610
517,63
517,640
517,644
517,655
517,708
517,721
517,727
517,787
517,79
517,797
517,815
517,99
519,828
52,673
52,840
52,89
521,697
522,550
522,562
522,597
522,62
522,625
522,633
522,692
522,697
522,727
522,728
522,79
522,794
522,799
522,828
522,836
522,871
522,890
525,63
525,829
525,99
526,828
527,55
527,581
527,61
527,613
527,625
527,646
527,663
527,667
527,692
527,696
527,727
527,751
527,767
527,786
527,79
527,81
527,817
527,830
527,851
527,882
528,727
53,828
530,555
530,562
530,656
530,666
530,697
530,7
530,767
530,836
530,871
530,875
530,890
531,655
531,682
532,550
532,57
532,666
532,7
532,727
532,815
532,828
532,861
532,868
533,828
534,815
535,727
537,55
537,555
537,562
537,568
537,597
537,6
537,604
537,625
537,708
537,725
537,728
537,751
537,774
537,786
537,79
537,81
537,810
537,815
537,851
537,871
537,891
537,99
538,99
539,828
540,685
541,597
541,685
541,692
541,696
541,76
541,774
541,775
541,817
541,828
541,830
541,871
543,828
545,727
546,602
547,727
549,555
549,562
549,640
549,697
549,7
549,836
55,550
55,555
55,561
55,604
55,633
55,663
55,680
55,692
55,696
55,697
55,727
55,775
55,81
55,815
55,817
55,828
55,830
55,840
55,871
55,894
55,97
550,562
550,581
550,604
550,613
550,667
550,692
550,696
550,697
550,7
550,708
550,711
550,725
550,727
550,763
550,774
550,777
550,786
550,799
550,810
550,817
550,828
550,829
550,830
550,851
550,854
550,871
550,875
550,882
550,890
550,891
550,99
551,696
551,745
551,815
552,560
553,871
555,561
555,571
555,573
555,58
555,581
555,585
555,597
555,6
555,60
555,603
555,604
555,616
555,623
555,624
555,625
555,628
555,637
555,640
555,646
555,663
555,667
555,673
555,68
555,680
555,681
555,692
555,694
555,696
555,697
555,7
555,704
555,711
555,713
555,717
555,725
555,727
555,728
555,73
555,730
555,735
555,745
555,751
555,755
555,763
555,774
555,775
555,777
555,785
555,799
555,81
555,815
555,821
555,823
555,828
555,838
555,840
555,842
555,851
555,855
555,858
555,869
555,870
555,877
555,882
555,888
555,890
555,894
555,96
555,99
557,828
558,562
558,640
558,666
558,697
558,836
558,871
558,875
56,570
56,692
56,696
56,727
56,767
56,775
56,799
56,882
56,99
560,828
561,613
561,633
561,663
561,682
561,696
561,725
561,730
561,763
561,765
561,767
561,783
561,786
561,799
561,81
561,815
561,870
561,871
561,879
561,882
561,891
561,894
561,904
561,99
562,57
562,571
562,573
562,579
562,585
562,603
562,62
562,625
562,627
562,637
562,640
562,646
562,656
562,663
562,666
562,673
562,692
562,694
562,697
562,704
562,708
562,711
562,727
562,728
562,763
562,774
562,775
562,781
562,79
562,81
562,810
562,815
562,821
562,828
562,83
562,836
562,85
562,855
562,858
562,861
562,864
562,870
562,871
562,875
562,877
562,888
562,894
562,96
562,99
564,727
565,775
567,568
568,604
568,63
568,633
568,646
568,663
568,667
568,682
568,685
568,711
568,72
568,727
568,730
568,739
568,765
568,767
568,79
568,81
568,810
568,828
568,86
568,870
568,871
568,882
568,99
569,644
57,633
57,640
57,656
57,666
57,697
57,875
57,890
571,640
571,656
571,697
571,836
571,890
573,656
573,666
573,697
573,7
573,817
573,836
573,838
573,875
573,890
575,581
575,725
575,767
575,768
575,774
575,81
575,890
577,602
577,622
577,842
577,866
578,604
578,666
578,828
58,633
58,646
58,666
58,727
58,728
58,810
58,817
58,871
58,877
58,99
581,597
581,6
581,60
581,604
581,613
581,62
581,624
581,625
581,628
581,633
581,663
581,697
581,711
581,727
581,730
581,767
581,774
581,775
581,777
581,799
581,807
581,810
581,817
581,828
581,864
581,870
581,875
581,877
581,891
581,897
582,828
583,866
584,624
585,633
585,640
585,697
585,836
585,871
585,875
588,807
590,790
595,777
596,71
596,763
596,829
597,60
597,628
597,633
597,656
597,666
597,692
597,697
597,708
597,727
597,730
597,751
597,763
597,767
597,774
597,775
597,786
597,799
597,810
597,815
597,823
597,828
597,830
597,871
597,875
597,890
597,891
597,894
597,98
597,99
6,62
6,633
6,663
6,667
6,692
6,728
6,767
6,77
6,81
6,810
6,830
6,882
6,891
60,62
60,625
60,692
60,711
60,757
60,775
60,79
60,803
60,810
60,815
60,828
60,871
60,877
60,882
60,99
600,682
602,634
602,665
602,727
602,797
602,828
602,829
602,868
602,879
603,640
603,656
603,666
603,697
603,7
603,810
603,817
603,875
603,890
604,625
604,696
604,725
604,730
604,774
604,79
604,799
604,815
604,828
604,882
604,894
605,828
606,727
607,617
607,708
61,625
61,633
61,696
61,711
61,725
61,728
61,776
61,786
61,79
61,830
61,882
61,894
610,656
610,699
610,866
612,696
612,77
612,99
613,663
613,692
613,696
613,7
613,774
613,786
613,817
613,828
613,851
613,894
614,701
614,766
614,790
614,839
614,848
614,872
614,876
616,640
616,697
616,7
616,723
616,836
616,871
616,875
616,890
617,624
617,682
617,696
617,725
617,775
617,870
617,871
617,882
617,99
62,633
62,640
62,663
62,667
62,692
62,696
62,697
62,7
62,727
62,767
62,786
62,79
62,799
62,810
62,836
62,871
62,882
62,891
622,644
622,727
624,692
624,696
624,807
624,82
624,823
624,864
624,871
624,882
624,894
625,633
625,656
625,663
625,666
625,667
625,692
625,696
625,697
625,7
625,725
625,757
625,767
625,775
625,786
625,79
625,799
625,810
625,815
625,817
625,823
625,828
625,830
625,851
625,871
625,875
625,882
625,891
625,894
625,99
627,633
627,656
627,666
627,7
627,729
627,817
627,836
627,890
628,633
628,640
628,681
628,692
628,697
628,720
628,727
628,774
628,775
628,786
628,828
628,836
628,856
628,882
63,682
63,711
63,727
63,765
63,840
63,866
631,727
633,640
633,646
633,653
633,666
633,680
633,687
633,696
633,700
633,704
633,720
633,727
633,728
633,73
633,733
633,745
633,767
633,768
633,77
633,774
633,785
633,786
633,807
633,810
633,828
633,830
633,836
633,844
633,845
633,855
633,86
633,870
633,877
633,882
633,891
633,897
634,797
634,866
635,701
635,726
635,727
635,828
635,876
635,886
635,903
636,894
637,640
637,697
637,727
637,817
637,838
637,871
637,896
638,828
639,727
640,693
640,696
640,727
640,744
640,81
640,815
640,816
640,821
640,830
640,858
640,86
640,96
641,727
644,682
644,699
646,656
646,663
646,692
646,696
646,727
646,728
646,751
646,755
646,767
646,79
646,810
646,817
646,830
646,851
646,86
646,877
646,891
646,894
649,745
649,828
650,828
651,667
651,685
651,708
651,711
651,842
652,727
655,778
656,68
656,694
656,696
656,700
656,727
656,775
656,781
656,785
656,789
656,81
656,810
656,815
656,828
656,83
656,838
656,855
656,861
656,871
656,877
656,888
656,896
658,727
659,687
659,725
659,828
659,99
661,726
661,790
661,839
661,886
662,845
663,667
663,692
663,696
663,725
663,727
663,728
663,751
663,767
663,774
663,789
663,79
663,81
663,810
663,815
663,836
663,86
663,870
663,871
663,877
663,882
663,891
666,700
666,774
666,79
666,810
666,816
666,817
666,83
666,838
666,858
666,861
666,870
666,871
666,888
667,676
667,72
667,725
667,728
667,767
667,79
667,810
667,828
667,830
667,894
667,90
668,7
668,720
670,711
671,726
671,738
671,766
671,848
671,876
671,886
672,815
673,697
673,828
673,871
673,890
675,727
676,696
676,775
676,828
68,817
68,836
680,725
680,775
680,810
681,794
682,797
682,828
682,879
682,881
682,904
682,93
682,99
684,79
685,780
686,774
687,692
687,733
687,82
687,828
687,871
687,889
691,816
692,711
692,725
692,727
692,730
692,763
692,767
692,774
692,777
692,79
692,810
692,817
692,829
692,836
692,838
692,866
692,869
692,870
692,877
692,890
692,894
692,897
692,99
693,697
693,7
693,727
693,828
693,836
693,871
693,875
693,890
694,7
694,727
694,817
694,836
694,871
696,725
696,727
696,728
696,730
696,763
696,767
696,774
696,775
696,79
696,8
696,810
696,815
696,821
696,823
696,828
696,829
696,830
696,851
696,870
696,871
696,875
696,890
696,894
696,897
696,99
697,700
697,727
697,728
697,763
697,774
697,781
697,786
697,81
697,817
697,821
697,83
697,840
697,855
697,861
697,870
697,877
697,882
697,888
697,894
697,896
697,96
699,744
699,842
7,700
7,727
7,757
7,774
7,785
7,81
7,817
7,821
7,828
7,838
7,871
7,888
700,828
700,836
700,875
701,727
701,790
701,828
701,885
702,79
702,842
703,896
704,838
704,875
707,727
708,71
708,710
708,757
708,780
708,786
708,817
708,828
708,830
708,851
708,882
71,727
71,866
710,727
710,767
711,727
711,751
711,767
711,775
711,786
711,79
711,797
711,81
711,810
711,817
711,828
711,870
711,882
711,890
711,891
711,894
711,99
714,786
714,810
714,815
714,828
715,830
72,740
72,815
72,828
720,727
720,758
720,871
720,882
721,829
722,828
725,730
725,745
725,751
725,786
725,807
725,828
725,871
725,877
725,882
725,891
725,894
725,896
725,97
726,738
726,790
726,839
726,872
726,876
726,903
727,728
727,73
727,730
727,737
727,738
727,74
727,745
727,755
727,766
727,767
727,769
727,77
727,777
727,778
727,782
727,786
727,79
727,794
727,795
727,8
727,803
727,810
727,815
727,817
727,823
727,828
727,829
727,83
727,832
727,842
727,844
727,845
727,860
727,861
727,863
727,866
727,869
727,870
727,871
727,875
727,882
727,885
727,890
727,894
727,897
727,96
727,99
728,786
728,799
728,817
728,823
728,828
728,830
728,836
728,86
728,871
728,882
728,890
728,99
729,844
729,890
730,799
730,81
730,810
730,815
730,828
730,829
730,851
730,882
730,894
731,767
731,828
735,871
735,882
738,766
738,872
738,876
738,886
738,903
739,773
739,829
739,842
740,866
745,76
745,810
745,828
745,875
745,882
745,885
746,859
750,871
751,774
751,810
751,817
751,828
751,829
751,830
751,99
757,828
757,882
757,99
76,767
76,871
76,99
761,763
763,775
763,786
763,81
763,815
763,821
763,828
763,871
763,877
763,882
763,890
765,851
766,848
766,876
766,886
766,94
767,775
767,786
767,79
767,81
767,815
767,823
767,828
767,829
767,830
767,838
767,882
767,99
768,775
768,810
77,774
77,815
77,828
77,99
774,775
774,777
774,786
774,81
774,817
774,828
774,830
774,856
774,871
774,877
774,882
774,891
775,777
775,786
775,79
775,807
775,810
775,817
775,82
775,828
775,834
775,836
775,851
775,864
775,877
775,879
777,815
777,828
777,871
777,882
777,890
778,842
78,866
780,829
781,817
781,836
783,828
785,815
785,817
785,828
785,836
786,79
786,799
786,81
786,810
786,815
786,817
786,828
786,829
786,851
786,870
786,871
786,875
786,877
786,890
788,8
79,799
79,810
79,817
79,830
79,836
79,851
79,870
79,871
79,882
79,894
79,904
79,99
790,839
790,872
790,876
790,94
793,828
794,828
794,871
797,902
799,81
799,815
799,829
799,851
799,871
799,894
799,99
8,871
801,810
802,828
804,828
805,817
806,897
807,815
807,828
807,99
81,810
81,815
81,817
81,830
81,851
81,871
81,882
81,890
81,894
81,99
810,815
810,828
810,830
810,838
810,851
810,871
810,875
810,882
810,89
812,828
815,817
815,828
815,829
815,830
815,836
815,864
815,871
815,882
815,894
816,875
817,821
817,828
817,83
817,851
817,858
817,86
817,864
817,877
817,882
817,891
821,836
821,875
821,890
823,871
823,894
825,828
825,879
827,842
828,829
828,83
828,834
828,838
828,846
828,848
828,85
828,851
828,855
828,857
828,858
828,862
828,864
828,866
828,867
828,871
828,872
828,877
828,882
828,885
828,890
828,891
828,894
828,900
828,94
828,96
828,99
829,832
829,866
829,882
829,904
83,836
83,871
830,86
830,870
830,871
830,877
830,99
836,838
836,861
836,877
836,882
836,888
836,896
836,96
836,99
838,882
838,890
839,872
839,876
840,851
842,874
842,99
844,871
848,872
848,876
848,886
851,86
851,882
851,904
855,871
855,875
856,99
858,871
86,882
861,871
866,893
870,871
870,882
870,894
870,99
871,877
871,882
871,890
871,891
871,894
871,896
871,96
872,876
872,903
875,877
875,882
875,96
876,886
876,94
877,890
877,894
882,894
882,99
888,890
889,99
890,896
890,96
894,99
903,94
97,99
1,727
10,219
10,727
10,85
103,225
103,260
103,261
103,381
103,437
103,452
103,48
103,62
103,828
105,828
106,13
106,133
106,166
106,193
106,195
106,202
106,27
106,274
106,285
106,29
106,352
106,42
106,428
106,43
106,442
106,501
106,522
106,625
106,628
106,694
106,781
106,810
106,815
106,821
106,838
106,858
106,861
106,871
106,888
106,99
107,130
107,14
107,196
107,221
107,240
107,281
107,555
107,562
107,640
11,219
112,317
115,511
115,52
117,129
117,202
117,260
117,261
117,267
117,325
117,442
117,537
117,581
117,646
117,696
117,828
118,602
118,699
119,320
119,842
119,866
120,727
121,410
122,79
125,24
125,270
125,488
125,560
125,656
125,844
125,866
129,14
129,161
129,195
129,209
129,217
129,221
129,281
129,443
129,457
129,485
129,522
129,537
129,568
129,58
129,633
129,692
129,711
129,763
129,799
129,810
129,817
129,830
129,890
13,131
13,185
13,224
13,230
13,260
13,29
13,376
13,39
13,391
13,452
13,581
13,633
13,667
13,692
13,7
13,767
13,815
13,851
13,882
130,164
130,166
130,193
130,197
130,225
130,261
130,29
130,305
130,325
130,407
130,42
130,434
130,479
130,490
130,50
130,505
130,530
130,597
130,627
130,633
130,692
130,696
130,763
130,817
130,821
130,83
130,838
131,161
131,185
131,221
131,225
131,240
131,261
131,267
131,317
131,343
131,397
131,442
131,443
131,452
131,485
131,487
131,501
131,55
131,562
131,597
131,625
131,728
131,79
131,799
131,81
131,828
133,381
133,391
133,562
133,633
133,666
133,697
133,828
133,871
133,875
136,461
136,727
137,711
138,255
139,71
14,164
14,193
14,195
14,261
14,27
14,285
14,339
14,349
14,366
14,401
14,415
14,432
14,436
14,452
14,461
14,490
14,505
14,562
14,57
14,573
14,673
14,696
14,700
14,704
14,777
14,786
14,81
14,828
14,838
14,858
14,871
14,96
145,274
145,501
145,550
145,625
145,640
145,697
145,745
145,786
145,81
145,828
145,836
145,877
145,890
145,99
151,230
151,267
151,407
151,416
151,442
151,488
151,550
151,555
151,581
151,625
151,692
151,81
151,817
151,830
151,837
151,871
153,52
160,197
160,202
160,240
160,261
160,295
160,303
160,37
160,442
160,452
160,461
160,501
160,640
160,81
160,836
160,890
161,326
161,381
161,400
161,461
161,501
161,625
161,663
161,828
161,830
161,866
161,871
164,281
164,381
164,391
164,511
164,562
164,828
166,240
166,656
166,697
166,7
166,890
167,452
167,8
168,174
168,347
168,364
168,466
168,472
168,481
168,671
168,790
168,94
169,173
169,219
169,274
169,429
169,633
169,745
169,871
169,882
171,842
173,240
173,692
173,767
173,99
174,234
174,364
174,466
174,472
174,614
174,671
174,766
174,876
177,828
181,401
182,727
183,202
183,224
183,225
183,230
183,296
183,407
183,485
183,555
183,62
183,727
183,79
183,799
183,817
183,830
185,240
185,437
185,443
185,485
185,555
185,786
185,799
185,815
186,216
186,427
188,408
188,472
188,481
188,49
188,661
188,671
188,701
188,726
188,790
188,876
193,452
193,555
193,656
193,697
193,817
194,234
194,239
194,26
194,347
194,364
194,49
194,701
194,738
194,839
194,876
194,903
194,94
195,196
195,197
195,221
195,391
195,555
195,625
195,666
195,727
195,786
195,815
196,221
196,225
196,270
196,305
196,388
196,432
196,434
196,436
196,50
196,505
196,522
196,562
196,571
196,573
196,616
196,625
196,627
196,692
196,696
196,727
196,785
196,821
196,838
196,858
196,877
197,217
197,230
197,252
197,398
197,445
197,461
197,501
197,537
197,541
197,562
197,640
197,730
197,745
197,763
197,864
197,875
197,877
20,50
20,520
20,556
20,656
20,836
20,871
202,255
202,267
202,296
202,317
202,325
202,335
202,366
202,368
202,398
202,442
202,461
202,488
202,527
202,537
202,597
202,604
202,62
202,633
202,680
202,697
202,807
202,815
202,817
202,828
202,829
202,830
202,851
202,864
202,871
202,877
202,891
202,894
204,303
204,485
204,537
204,581
204,597
204,696
204,725
204,786
204,817
204,871
204,894
209,260
209,274
209,325
209,400
209,437
209,509
209,555
209,613
209,663
209,692
209,711
209,774
209,786
209,807
210,240
210,77
214,851
214,904
215,727
216,517
217,219
217,274
217,396
217,550
217,561
217,581
217,62
217,625
217,692
217,727
217,79
217,828
217,86
217,871
217,877
217,894
219,24
219,25
219,27
219,295
219,317
219,335
219,355
219,423
219,438
219,487
219,489
219,498
219,511
219,522
219,532
219,541
219,561
219,582
219,628
219,632
219,639
219,646
219,667
219,7
219,715
219,723
219,724
219,745
219,755
219,774
219,803
219,813
219,822
219,882
219,885
219,92
221,27
221,39
221,398
221,42
221,461
221,479
221,505
221,537
221,541
221,549
221,555
221,558
221,57
221,571
221,581
221,61
221,62
221,627
221,656
221,667
221,692
221,694
221,697
221,700
221,757
221,774
221,775
221,851
221,858
221,894
224,260
224,442
224,550
224,555
224,562
224,581
224,625
224,711
224,828
224,830
224,851
224,894
225,274
225,296
225,325
225,333
225,366
225,391
225,420
225,443
225,452
225,461
225,48
225,485
225,527
225,604
225,62
225,624
225,663
225,667
225,687
225,697
225,708
225,751
225,774
225,777
225,81
225,836
225,891
228,335
228,602
228,607
230,274
230,317
230,325
230,381
230,48
230,488
230,496
230,55
230,6
230,625
230,633
230,646
230,696
230,711
230,728
230,774
230,775
230,823
230,828
230,851
230,870
230,882
230,891
231,517
234,239
234,510
234,515
234,671
234,766
234,839
234,848
234,876
234,886
239,408
239,433
239,472
239,49
239,497
239,515
239,614
239,671
239,726
239,766
239,876
24,767
24,828
240,252
240,27
240,281
240,296
240,305
240,335
240,345
240,39
240,400
240,407
240,432
240,437
240,443
240,474
240,479
240,485
240,487
240,496
240,509
240,51
240,527
240,549
240,558
240,573
240,60
240,616
240,62
240,628
240,656
240,663
240,700
240,704
240,725
240,728
240,730
240,745
240,761
240,79
240,799
240,807
240,838
240,875
240,877
240,882
240,888
240,96
243,433
243,497
243,661
243,671
243,790
243,876
243,903
244,400
246,281
246,381
246,452
246,555
246,7
246,836
252,452
252,687
252,692
254,767
255,260
255,267
255,274
255,416
255,501
255,562
255,725
255,730
257,602
257,682
258,727
259,727
26,347
26,408
26,481
26,510
26,515
26,671
26,766
26,848
26,903
260,261
260,315
260,420
260,441
260,457
260,461
260,487
260,501
260,527
260,55
260,550
260,562
260,568
260,581
260,597
260,6
260,730
260,757
260,79
260,799
260,815
260,871
260,99
261,274
261,333
261,376
261,39
261,396
261,398
261,452
261,457
261,487
261,527
261,555
261,656
261,667
261,697
261,7
261,774
261,786
261,815
261,823
261,890
261,99
267,315
267,333
267,335
267,396
267,398
267,473
267,48
267,527
267,624
267,633
267,667
267,692
267,711
267,728
267,751
267,757
267,767
267,774
267,81
267,851
267,99
268,79
27,666
27,7
27,817
27,836
272,727
274,296
274,368
274,391
274,42
274,428
274,434
274,443
274,461
274,496
274,505
274,513
274,532
274,537
274,55
274,561
274,562
274,604
274,625
274,640
274,673
274,68
274,680
274,694
274,704
274,711
274,751
274,763
274,768
274,775
274,777
274,823
274,858
274,86
274,861
280,317
281,285
281,29
281,305
281,325
281,401
281,428
281,432
281,442
281,505
281,550
281,555
281,571
281,581
281,585
281,597
281,603
281,616
281,625
281,627
281,628
281,630
281,68
281,693
281,727
281,817
281,821
281,861
281,96
282,828
284,696
285,381
285,562
285,633
285,640
285,7
285,836
285,875
285,890
29,407
29,442
29,461
29,522
29,597
29,625
29,656
29,696
29,697
29,727
29,871
29,890
290,727
293,332
294,555
296,56
296,617
296,62
296,633
296,696
296,727
296,815
296,817
296,829
296,830
297,828
303,335
303,398
303,400
303,457
303,487
303,537
303,581
303,61
303,656
303,663
303,692
303,696
303,767
303,817
303,828
303,851
303,875
305,452
305,640
305,7
305,875
309,407
315,461
315,487
315,555
315,581
315,625
315,727
315,882
317,325
317,381
317,416
317,452
317,461
317,747
317,79
317,823
317,882
324,604
324,727
324,828
325,366
325,368
325,396
325,420
325,485
325,522
325,562
325,58
325,581
325,613
325,633
325,640
325,656
325,663
325,667
325,696
325,757
325,763
325,777
325,799
325,810
325,830
325,851
325,891
326,866
332,400
332,599
332,63
332,851
333,443
333,767
333,786
333,810
333,871
333,882
333,99
334,727
335,398
335,407
335,416
335,442
335,457
335,461
335,488
335,5
335,501
335,527
335,562
335,725
335,79
335,830
335,871
336,391
336,697
336,710
336,817
337,828
339,511
339,555
339,562
339,666
339,697
340,400
341,701
341,810
342,842
343,525
343,651
343,708
347,408
347,433
347,466
347,497
347,515
347,614
347,635
347,886
349,633
349,7
349,871
349,890
35,382
35,52
36,828
364,408
364,466
364,497
364,510
364,515
364,635
364,726
364,738
364,872
364,886
366,376
366,381
366,597
366,633
366,697
366,741
366,770
366,882
366,99
368,398
368,416
368,452
368,537
368,578
368,581
368,646
368,786
368,799
368,828
368,830
372,711
372,727
372,828
373,866
375,727
376,391
376,442
376,511
376,62
376,692
376,697
376,727
376,728
376,786
376,871
376,877
381,398
381,401
381,407
381,416
381,443
381,490
381,5
381,50
381,530
381,561
381,603
381,625
381,640
381,68
381,696
381,751
381,786
381,81
381,821
381,83
381,858
381,864
381,871
381,877
381,882
383,501
383,553
383,745
383,763
383,84
383,878
383,99
388,633
388,656
388,7
388,875
39,407
39,442
39,537
39,597
39,667
39,708
39,725
39,767
39,79
39,830
39,882
391,407
391,432
391,461
391,490
391,50
391,522
391,585
391,637
391,68
391,692
391,727
391,817
391,855
391,858
391,882
392,77
396,416
396,501
396,550
396,581
396,696
396,786
396,828
396,871
397,851
398,452
398,501
398,604
398,613
398,633
398,799
398,825
398,828
398,851
398,870
398,871
398,882
400,501
400,517
400,537
400,550
400,6
400,613
400,663
400,786
400,79
400,810
400,842
401,452
401,562
401,656
401,666
401,697
401,838
401,871
401,875
407,416
407,452
407,457
407,485
407,527
407,561
407,692
407,725
407,763
407,799
408,433
408,466
408,497
408,726
408,94
410,568
410,708
410,828
411,877
412,517
414,452
414,696
414,725
415,640
415,697
415,817
416,437
416,452
416,461
416,487
416,501
416,60
416,613
416,62
416,625
416,696
416,767
416,786
416,807
416,81
416,851
416,86
416,864
416,870
416,871
416,882
416,891
42,633
42,640
42,666
42,7
42,871
42,875
420,437
420,48
420,5
420,537
420,55
420,561
420,62
420,640
420,696
420,727
420,730
420,871
420,882
423,720
423,727
426,828
427,842
428,452
428,555
428,640
428,838
428,890
429,745
43,727
430,501
430,822
432,532
432,697
432,836
433,49
433,635
433,661
433,701
433,726
433,790
433,872
433,903
433,94
434,555
434,562
434,666
434,7
434,836
434,871
434,875
436,640
436,697
436,817
436,91
437,485
437,487
437,55
437,555
437,581
437,613
437,625
437,696
437,727
437,760
437,829
437,882
437,894
44,708
44,829
441,452
441,501
441,767
441,810
441,830
441,877
442,485
442,537
442,667
442,696
442,727
442,777
442,79
442,875
443,550
443,597
443,696
443,810
443,815
443,877
443,894
448,451
448,634
448,797
448,814
451,866
452,479
452,48
452,490
452,50
452,522
452,55
452,568
452,571
452,573
452,58
452,604
452,61
452,617
452,666
452,693
452,694
452,700
452,711
452,767
452,774
452,8
452,821
452,830
452,836
452,86
452,864
452,870
452,882
452,894
452,897
457,461
457,487
457,501
457,646
457,663
457,696
457,727
457,767
457,809
457,81
457,810
457,871
458,828
46,555
46,696
46,725
46,727
46,77
46,775
460,828
461,55
461,561
461,562
461,568
461,646
461,730
461,751
461,807
461,810
461,829
461,830
466,635
466,848
466,876
466,886
472,481
472,510
472,614
472,661
472,726
472,766
472,872
472,876
474,663
474,696
474,775
474,810
474,815
474,882
474,894
479,656
479,836
479,890
48,485
48,487
48,786
48,828
48,871
481,49
481,790
481,839
481,872
481,903
481,94
485,509
485,555
485,56
485,561
485,568
485,581
485,6
485,604
485,613
485,617
485,646
485,667
485,692
485,774
485,79
485,829
485,870
485,891
487,501
487,550
487,555
487,58
487,6
487,624
487,667
487,745
487,786
487,815
487,828
487,894
488,55
488,58
488,597
488,62
488,633
488,646
488,663
488,708
488,728
488,751
488,786
488,871
488,877
488,882
488,894
49,510
49,726
49,766
49,848
49,872
49,886
49,903
496,62
496,633
496,663
496,667
496,696
496,711
496,774
496,786
496,882
497,614
497,766
497,790
497,886
498,727
498,828
5,568
5,62
5,663
5,727
5,730
5,817
5,851
5,871
5,894
50,532
50,666
501,509
501,527
501,550
501,56
501,562
501,61
501,640
501,666
501,690
501,697
501,708
501,730
501,807
501,81
501,86
501,870
501,875
501,877
501,890
502,682
505,890
509,633
509,663
509,667
509,711
509,727
509,730
509,79
509,817
509,830
509,871
510,614
510,635
510,727
510,738
510,94
511,55
511,555
511,68
511,697
511,7
511,871
511,875
515,635
515,661
515,766
515,790
515,828
515,848
515,872
515,903
515,94
517,71
517,780
517,879
518,828
52,838
522,555
522,581
522,640
522,666
522,815
522,875
522,877
524,828
527,561
527,562
527,62
527,711
527,725
527,728
527,774
527,828
527,891
527,894
529,828
530,633
530,640
530,817
530,828
531,828
532,633
532,810
532,836
532,890
532,96
537,550
537,561
537,58
537,581
537,61
537,613
537,62
537,633
537,646
537,696
537,711
537,767
537,86
537,870
537,877
541,555
541,829
541,882
541,99
542,550
544,828
549,656
549,666
549,817
549,875
549,890
55,62
55,625
55,666
55,711
55,882
550,555
550,561
550,568
550,60
550,628
550,640
550,646
550,656
550,663
550,666
550,751
550,767
550,894
555,558
555,57
555,61
555,62
555,627
555,656
555,666
555,76
555,767
555,786
555,807
555,810
555,83
555,830
555,836
555,86
555,861
555,864
555,891
555,896
555,897
558,656
558,7
558,817
558,890
56,581
56,633
56,786
56,815
560,727
561,568
561,581
561,596
561,597
561,6
561,602
561,604
561,61
561,62
561,692
561,79
561,810
561,823
561,828
561,830
562,581
562,597
562,616
562,68
562,693
562,767
562,785
562,891
563,828
568,625
568,696
568,786
568,877
57,7
57,836
571,666
571,7
571,727
571,875
573,640
577,682
578,83
58,663
58,692
58,725
58,786
58,826
58,830
58,851
58,882
58,894
581,61
581,617
581,640
581,646
581,656
581,720
581,725
581,728
581,751
581,757
581,763
581,79
581,836
581,871
581,890
581,894
582,786
585,890
593,828
597,604
597,663
597,7
597,711
597,79
597,817
597,836
597,86
597,882
598,828
6,625
6,696
6,786
6,79
6,817
6,871
6,877
6,894
60,633
60,81
60,865
60,894
601,727
602,610
602,708
603,836
604,727
604,871
606,656
606,828
607,829
609,828
61,62
61,663
61,667
61,692
61,727
61,751
61,810
611,727
613,62
613,625
613,711
613,727
613,815
613,829
613,830
613,877
613,882
613,99
614,738
614,886
615,828
616,633
616,656
617,633
617,692
617,727
617,786
62,628
62,646
62,656
62,666
62,711
62,730
62,763
62,817
62,830
62,851
62,870
62,875
62,890
620,727
623,697
624,633
624,663
624,725
624,730
625,646
625,708
625,730
625,763
625,774
625,86
625,870
625,890
627,640
627,697
628,656
628,696
628,815
628,838
628,871
628,905
63,667
633,637
633,663
633,667
633,673
633,68
633,692
633,693
633,694
633,697
633,7
633,725
633,781
633,81
633,817
633,821
633,823
633,858
633,890
633,99
634,682
635,661
635,790
637,7
637,836
637,875
637,890
640,673
640,68
640,694
640,700
640,728
640,781
640,785
640,786
640,810
640,828
640,871
640,877
640,888
640,896
643,828
646,708
646,711
646,725
646,786
647,828
65,727
656,693
656,704
656,728
656,767
656,769
656,786
656,821
656,858
656,869
656,882
656,99
659,8
661,701
661,848
661,872
663,708
663,711
663,786
663,799
663,817
663,828
663,99
666,693
666,694
666,696
666,725
666,727
666,728
666,763
666,767
666,781
666,785
666,81
666,821
666,828
666,855
666,877
666,882
666,96
667,739
667,755
667,871
667,877
667,882
671,790
671,839
671,94
673,7
673,836
673,875
68,697
68,871
68,875
680,767
682,711
682,727
687,745
687,99
688,711
692,728
692,757
692,775
692,81
692,828
692,830
692,864
692,875
692,891
693,817
694,697
694,875
696,697
696,711
696,757
696,777
696,817
696,836
696,86
696,864
696,877
697,704
697,785
697,828
697,858
697,871
697,99
7,704
7,781
7,786
7,810
7,815
7,83
7,855
7,858
7,861
7,877
7,96
70,727
701,876
701,880
701,903
704,836
704,871
705,866
708,727
708,728
708,81
708,894
708,904
710,730
711,829
715,727
715,828
716,727
719,828
720,815
723,828
725,727
725,775
725,81
726,848
726,886
726,94
727,751
727,754
727,764
727,774
727,775
727,825
727,830
727,849
727,851
727,868
727,873
727,877
727,884
727,891
728,751
728,757
728,851
728,875
728,891
728,894
73,871
730,769
730,786
730,871
738,790
738,839
745,761
748,828
749,810
751,767
751,786
751,81
751,86
753,828
755,828
756,828
762,828
763,99
766,839
767,871
767,877
77,810
77,871
775,81
775,830
775,882
775,897
777,99
781,828
781,871
781,875
785,890
786,86
786,99
79,891
790,886
794,882
799,830
799,875
807,830
807,871
807,882
81,828
81,86
81,891
810,817
810,891
810,894
815,875
817,829
817,836
817,855
817,861
817,870
817,875
817,888
817,99
821,871
828,836
828,842
828,844
828,868
828,870
828,875
828,889
828,897
828,898
828,901
829,870
829,871
83,875
83,890
830,891
836,855
836,858
836,871
839,848
839,94
840,89
848,903
851,870
851,894
855,890
86,877
86,894
861,875
861,890
864,99
872,886
875,888
876,903
882,891
882,897
886,903
890,99
