ts_s,rss_bytes,peak_bytes
0.205,49508352,49770496
1.210,137490432,137568256
2.216,77574144,137568256
3.221,137801728,137924608
4.227,122109952,137924608
5.232,10842112,137924608
6.238,137785344,137924608
7.243,84213760,137924608
8.249,137605120,137924608
9.255,124149760,137924608
10.260,17350656,137924608
11.266,137498624,137924608
12.272,89440256,137924608
13.277,137809920,137924608
14.283,125120512,137924608
15.289,22532096,137924608
16.295,137428992,137924608
17.301,89722880,137924608
18.307,137355264,137924608
19.313,124973056,137924608
20.319,24137728,138072064
21.324,137510912,138072064
22.330,92266496,138072064
23.336,137809920,138072064
24.342,129564672,138072064
25.348,25280512,138072064
26.353,137449472,138072064
27.359,85151744,138072064
28.366,137502720,138072064
29.371,121991168,138072064
30.376,8445952,138072064
31.382,137814016,138072064
32.388,78557184,138072064
33.393,137715712,138072064
34.399,117362688,138072064
35.404,52080640,138072064
36.410,137658368,138072064
37.416,70860800,138072064
38.422,137469952,138072064
39.427,112852992,138072064
40.433,46559232,138072064
41.438,137392128,138072064
42.444,70299648,138072064
43.451,137687040,138072064
44.456,112574464,138072064
45.461,43692032,138072064
46.467,137523200,138072064
47.472,62992384,138072064
48.479,137728000,138072064
49.484,97472512,138072064
50.490,10248192,138072064
51.495,134512640,138072064
52.501,34623488,138072064
53.506,137535488,138072064
54.511,92520448,138072064
55.517,137793536,138072064
56.522,125030400,138072064
57.527,17879040,138072064
58.533,137416704,138072064
59.539,83673088,138072064
60.545,137633792,138072064
61.550,120610816,138072064
62.556,52248576,138072064
63.562,137719808,138072064
64.568,73277440,138072064
65.574,137510912,138072064
66.580,114757632,138072064
67.586,45662208,138072064
68.592,137547776,138072064
69.598,63356928,138072064
70.603,137244672,138072064
71.609,101462016,138072064
72.615,21807104,138072064
73.621,134377472,138072064
74.626,51638272,138072064
75.631,137166848,138072064
76.637,94932992,138072064
77.641,5185536,138072064
78.647,128843776,138072064
79.653,17084416,138072064
80.658,137809920,138072064
81.664,79765504,138072064
82.670,137625600,138072064
83.675,117288960,138072064
84.681,51052544,138072064
85.687,137691136,138072064
86.692,66396160,138072064
87.698,137703424,138072064
88.703,101380096,138072064
89.708,20639744,138072064
90.714,134586368,138072064
91.720,45760512,138072064
92.725,137596928,138072064
93.731,95342592,138072064
94.736,6406144,138072064
95.741,127549440,138072064
96.747,21155840,138072064
97.753,137842688,138072064
98.759,79728640,138104832
99.765,137822208,138104832
100.770,117956608,138104832
101.775,49311744,138104832
102.782,137777152,138104832
103.787,65421312,138104832
104.793,137531392,138104832
105.799,100720640,138104832
106.805,19542016,138104832
107.810,133832704,138104832
108.816,45342720,138104832
109.822,137281536,138104832
110.828,94965760,138104832
111.833,7536640,138104832
112.840,130027520,138104832
113.845,27049984,138104832
114.851,137535488,138104832
115.856,83755008,138104832
116.862,137674752,138104832
117.867,117317632,138104832
118.873,50405376,138104832
119.879,137707520,138104832
120.884,66895872,138104832
121.890,137674752,138104832
122.896,102834176,138104832
123.903,23486464,138104832
124.908,137687040,138104832
125.914,49639424,138104832
126.920,137617408,138104832
127.925,94707712,138104832
128.932,5214208,138104832
129.937,129114112,138104832
130.942,21499904,138104832
131.948,137719808,138104832
132.954,84480000,138104832
133.960,137494528,138104832
134.966,120074240,138104832
135.972,51867648,138104832
136.977,137719808,138104832
137.984,70729728,138104832
138.990,137568256,138104832
139.995,107438080,138104832
141.001,34267136,138104832
142.007,137453568,138104832
143.012,55877632,138104832
144.019,137482240,138104832
145.024,98328576,138104832
146.029,12091392,138104832
147.035,133808128,138104832
148.040,43212800,138104832
149.046,137748480,138104832
150.051,93270016,138104832
151.057,118886400,138104832
152.063,125046784,138104832
153.069,17793024,138104832
154.074,137883648,138104832
155.080,82788352,138104832
156.085,137773056,138104832
157.091,117755904,138104832
158.096,52011008,138125312
159.102,137895936,138125312
160.108,68542464,138125312
161.114,137334784,138125312
162.120,101285888,138125312
163.125,21364736,138125312
164.130,135639040,138125312
165.136,47251456,138125312
166.141,137342976,138125312
167.147,94056448,138125312
168.153,4915200,138125312
169.158,128942080,138125312
170.164,26402816,138125312
171.170,137437184,138125312
172.175,85139456,138125312
173.181,137760768,138125312
174.187,118853632,138125312
175.192,51802112,138125312
176.198,137437184,138125312
177.204,70717440,138125312
178.210,137588736,138125312
179.215,110542848,138125312
180.221,44072960,138125312
181.226,137867264,138125312
182.232,60125184,138125312
183.237,137744384,138125312
184.242,97804288,138125312
185.247,9826304,138125312
186.252,133828608,138125312
187.257,39944192,138125312
188.262,137822208,138125312
189.268,94318592,138125312
190.273,136065024,138125312
191.279,127995904,138125312
192.285,10960896,138125312
193.290,137437184,138125312
194.296,77242368,138125312
195.301,137961472,138125312
196.306,111304704,138125312
197.311,40534016,138125312
198.317,137445376,138125312
199.323,60080128,138125312
200.328,137691136,138125312
201.334,98111488,138125312
202.340,12111872,138125312
203.345,133263360,138125312
204.351,26464256,138125312
205.356,19714048,138125312
206.361,28110848,138125312
207.367,46362624,138125312
208.373,31154176,138125312
209.378,31277056,138125312
210.383,48517120,138125312
211.389,48435200,138125312
212.394,51736576,138125312
213.399,59420672,138125312
214.405,63234048,138125312
215.411,19308544,138125312
216.417,69251072,138125312
217.423,73293824,138125312
218.429,22827008,138125312
219.434,62529536,138125312
220.440,59301888,138125312
221.445,51810304,138125312
222.451,43884544,138125312
223.456,14483456,138125312
224.461,4993024,138125312
225.467,16965632,138125312
226.472,135700480,138125312
227.477,135696384,138125312
228.483,22081536,138125312
229.488,16523264,138125312
230.493,25169920,138125312
231.499,47362048,138125312
232.505,41857024,138125312
233.510,35303424,138125312
234.516,40050688,138125312
235.521,14077952,138125312
236.527,135606272,138125312
237.533,53661696,138125312
238.538,134139904,138125312
239.544,129830912,138125312
240.550,13791232,138125312
241.555,115425280,138125312
242.561,117821440,138125312
243.566,52432896,138125312
244.573,102051840,138125312
245.578,102154240,138125312
246.584,27566080,138125312
247.590,82403328,138125312
248.596,85889024,138125312
249.601,43855872,138125312
250.607,71065600,138125312
251.612,68284416,138125312
252.619,16408576,138125312
253.624,58171392,138125312
254.630,49049600,138125312
255.636,36450304,138125312
256.641,25415680,138125312
257.647,136110080,138125312
258.653,136036352,138125312
259.659,44023808,138125312
260.665,134254592,138125312
261.671,135622656,138125312
262.676,48439296,138125312
263.682,134557696,138125312
264.688,132055040,138125312
265.694,19349504,138125312
266.699,123088896,138125312
267.705,114872320,138125312
268.711,39800832,138125312
269.717,96710656,138125312
270.724,97001472,138125312
271.730,16408576,138125312
272.736,93634560,138125312
273.742,98357248,138125312
274.747,32436224,138125312
275.753,100884480,138125312
276.759,108851200,138125312
277.764,5398528,138125312
278.770,111280128,138125312
279.777,119021568,138125312
280.782,7372800,138125312
281.788,110002176,138125312
282.793,113225728,138125312
283.799,44924928,138125312
284.805,93319168,138125312
285.810,89223168,138125312
286.816,30883840,138125312
287.821,59686912,138125312
288.827,47431680,138125312
289.833,46374912,138125312
290.839,51777536,138125312
291.845,56344576,138125312
292.850,9728000,138125312
293.856,67756032,138125312
294.861,60862464,138125312
295.867,21250048,138125312
296.873,72142848,138125312
297.879,89882624,138125312
298.884,11415552,138125312
299.891,96600064,138125312
300.896,102481920,138125312
301.902,7311360,138125312
302.908,117284864,138125312
303.914,127959040,138125312
304.920,44847104,138125312
305.926,136118272,138125312
306.932,135974912,138125312
307.938,33239040,138125312
308.943,34742272,138125312
309.949,44392448,138125312
310.956,51097600,138125312
311.962,52211712,138125312
312.967,51421184,138125312
313.972,51347456,138125312
314.978,32878592,138125312
315.984,20074496,138125312
316.990,33329152,138125312
317.996,11583488,138125312
319.001,16551936,138125312
320.007,42831872,138125312
321.013,50393088,138125312
322.018,4100096,138125312
323.024,59432960,138125312
324.030,58183680,138125312
325.036,51904512,138125312
326.042,51589120,138125312
327.047,41000960,138125312
328.053,32219136,138125312
329.059,41390080,138125312
330.064,18681856,138125312
331.070,20172800,138125312
332.076,44711936,138125312
333.082,51343360,138125312
334.087,11087872,138125312
335.094,70062080,138125312
336.100,80887808,138125312
337.106,53825536,138125312
338.111,89063424,138125312
339.117,97296384,138125312
340.123,43077632,138125312
341.129,104304640,138125312
342.135,119865344,138125312
343.140,21200896,138125312
344.146,134852608,138125312
345.152,135405568,138125312
346.158,14082048,138125312
347.164,13201408,138125312
348.170,22564864,138125312
349.175,47808512,138125312
350.181,56762368,138125312
351.187,20709376,138125312
352.192,72196096,138125312
353.197,89956352,138125312
354.203,13504512,138125312
355.209,96542720,138125312
356.215,107126784,138125312
357.220,8007680,138125312
358.226,127102976,138125312
359.231,132820992,138125312
360.237,54063104,138125312
361.243,136425472,138125312
362.248,10403840,138125312
363.254,41299968,138125312
364.260,51691520,138125312
365.265,14729216,138125312
366.271,71614464,138125312
367.277,83329024,138125312
368.283,53673984,138125312
369.289,93347840,138125312
370.295,100999168,138125312
371.301,52383744,138125312
372.306,111804416,138125312
373.312,125087744,138125312
374.317,31920128,138125312
375.323,134926336,138125312
376.329,135692288,138125312
377.335,22175744,138125312
378.341,21372928,138125312
379.347,38305792,138125312
380.353,54145024,138125312
381.359,64131072,138125312
382.364,28229632,138125312
383.370,73650176,138125312
384.376,92958720,138125312
385.381,21147648,138125312
386.387,96751616,138125312
387.393,106721280,138125312
388.399,9093120,138125312
389.405,125739008,138125312
390.410,131960832,138125312
391.416,49967104,138125312
392.422,136183808,138125312
393.427,10821632,138125312
394.433,41279488,138125312
395.438,45031424,138125312
396.444,51064832,138125312
397.450,68665344,138125312
398.456,77766656,138125312
399.462,53862400,138125312
400.468,92745728,138125312
401.473,100986880,138125312
402.479,46870528,138125312
403.484,107651072,138125312
404.490,122904576,138125312
405.495,28114944,138125312
406.501,134791168,138125312
407.506,135843840,138125312
408.513,16859136,138125312
409.518,18636800,138125312
410.523,34476032,138125312
411.529,54288384,138125312
412.534,65089536,138125312
413.540,31178752,138125312
414.546,73469952,138125312
415.551,92782592,138125312
416.557,20660224,138125312
417.563,98455552,138125312
418.569,111591424,138125312
419.574,6950912,138125312
420.580,126668800,138125312
421.585,132751360,138125312
422.590,50696192,138125312
423.596,136200192,138125312
424.602,135589888,138125312
425.607,36982784,138125312
426.612,43839488,138125312
427.618,32100352,138125312
428.624,68460544,138125312
429.629,78065664,138125312
430.636,53075968,138125312
431.641,87482368,138125312
432.647,97341440,138125312
433.654,44998656,138125312
434.660,107687936,138125312
435.665,120995840,138125312
436.670,18132992,138125312
437.676,134795264,138125312
438.681,135618560,138125312
439.686,9408512,138125312
440.691,10027008,138125312
441.696,25378816,138125312
442.702,48721920,138125312
443.708,58560512,138125312
444.713,20537344,138125312
445.719,72257536,138125312
446.725,91590656,138125312
447.731,16621568,138125312
448.737,97546240,138125312
449.743,110489600,138125312
450.748,7778304,138125312
451.754,121569280,138125312
452.759,131428352,138125312
453.765,50704384,138125312
454.771,136126464,138125312
455.776,49422336,138125312
456.781,36999168,138125312
457.786,29270016,138125312
458.792,43020288,138125312
459.797,54595584,138125312
460.803,68849664,138125312
461.808,37634048,138125312
462.814,78159872,138125312
463.820,95670272,138125312
464.826,35033088,138125312
465.832,103342080,138125312
466.838,119173120,138125312
467.843,19959808,138125312
468.849,134688768,138125312
469.855,135725056,138125312
470.861,17113088,138125312
471.867,17932288,138125312
472.872,33873920,138125312
473.878,53985280,138125312
474.884,64778240,138125312
475.889,34017280,138125312
476.895,77504512,138125312
477.900,94973952,138125312
478.905,28581888,138125312
479.911,101437440,138125312
480.917,115953664,138125312
481.922,10981376,138125312
482.928,134778880,138125312
483.933,135839744,138125312
484.939,52826112,138125312
485.944,36356096,138125312
486.950,22667264,138125312
487.955,48951296,138125312
488.961,59580416,138125312
489.967,22577152,138125312
490.972,73003008,138125312
491.978,91803648,138125312
492.983,19881984,138125312
493.989,98000896,138125312
494.995,111726592,138125312
496.000,5963776,138125312
497.006,130355200,138125312
498.012,134979584,138125312
499.017,53780480,138125312
500.024,136450048,138125312
501.030,14704640,138125312
502.035,43454464,138125312
503.041,52551680,138125312
504.046,12201984,138125312
505.052,71278592,138125312
506.059,84287488,138125312
507.064,5033984,138125312
508.070,95629312,138125312
509.075,104394752,138125312
510.081,6594560,138125312
511.086,129261568,138125312
512.091,135815168,138125312
513.097,50053120,138125312
514.103,5607424,138125312
515.108,22941696,138125312
516.113,48955392,138125312
517.119,59502592,138125312
518.125,26132480,138125312
519.131,75923456,138125312
520.137,95252480,138125312
521.143,40017920,138125312
522.149,106999808,138125312
523.155,123076608,138125312
524.160,34615296,138125312
525.166,136384512,138125312
526.172,135704576,138125312
527.178,37683200,138125312
528.184,46952448,138125312
529.190,11771904,138125312
530.197,71667712,138125312
531.202,90488832,138125312
532.208,15949824,138125312
533.215,97251328,138125312
534.221,111501312,138125312
535.226,7426048,138125312
536.232,134602752,138125312
537.237,135516160,138125312
538.242,14053376,138125312
539.248,18669568,138125312
540.254,44572672,138125312
541.260,61063168,138125312
542.266,75583488,138125312
543.272,53903360,138125312
544.278,94056448,138125312
545.284,98803712,138125312
546.290,52850688,138125312
547.296,113917952,138125312
548.302,128921600,138125312
549.307,50814976,138125312
550.314,136306688,138125312
551.320,17117184,138125312
552.325,51589120,138125312
553.331,136720384,138125312
554.337,19963904,139235328
555.343,102830080,139235328
556.349,53166080,139640832
557.355,61702144,139640832
558.361,24649728,139640832
559.367,59252736,139640832
560.374,137744384,139640832
561.380,43634688,139640832
562.387,117383168,139640832
563.392,22220800,139640832
564.398,76369920,139640832
565.404,51322880,139640832
566.410,59334656,139640832
567.416,138215424,139640832
568.423,50679808,139640832
569.429,119173120,139640832
570.434,25272320,139640832
571.440,78884864,139640832
572.446,52277248,139640832
573.452,59424768,139640832
574.458,138534912,139640832
575.465,54247424,139640832
576.470,123740160,139640832
577.476,37167104,139665408
578.482,84623360,139665408
579.488,6406144,139665408
580.494,16928768,139665408
581.500,139665408,139665408
582.506,16146432,139665408
583.511,130334720,139665408
584.517,52981760,139665408
585.523,94949376,139665408
586.529,29528064,139698176
587.534,38604800,139698176
588.540,139247616,139698176
589.547,32964608,139698176
590.553,134828032,139698176
591.558,9949184,139698176
592.564,99393536,139698176
593.570,50069504,139698176
594.576,57548800,139698176
595.582,20492288,139698176
596.588,56270848,139698176
597.595,136318976,139698176
598.600,18628608,139698176
599.606,102977536,139698176
600.613,53628928,139698176
601.619,62259200,139698176
602.625,27492352,139698176
603.631,58920960,139698176
604.637,137420800,139698176
605.644,39469056,139915264
606.650,116404224,139915264
607.655,21012480,139915264
608.661,78585856,139915264
609.667,52858880,139915264
610.672,10866688,139915264
611.678,138641408,139915264
612.684,10072064,139915264
613.690,126554112,139915264
614.696,53227520,139915264
615.701,94183424,139915264
616.707,22192128,139915264
617.713,28180480,139915264
618.719,139350016,139915264
619.724,16613376,139915264
620.729,130924544,139915264
621.736,52879360,139915264
622.742,95948800,139915264
623.748,33591296,140025856
624.754,46571520,140025856
625.761,14282752,140025856
626.767,46092288,140025856
627.773,136822784,140025856
628.779,19021824,140025856
629.784,103182336,140025856
630.790,53542912,140025856
631.795,64200704,140025856
632.801,29958144,140025856
633.807,59629568,140025856
634.813,136527872,140025856
635.819,35250176,140025856
636.825,113020928,140025856
637.830,14532608,140025856
638.836,71680000,140025856
639.842,43716608,140025856
640.848,59375616,140025856
641.855,138522624,140025856
642.861,49340416,140025856
643.867,119730176,140025856
644.873,28790784,140025856
645.879,82276352,140025856
646.886,52584448,140025856
647.891,14217216,140025856
648.898,138960896,140025856
649.903,10547200,140025856
650.910,126160896,140025856
651.916,47009792,140025856
652.922,93024256,140025856
653.927,20434944,140025856
654.933,29241344,140025856
655.939,139350016,140025856
656.945,11292672,140025856
657.951,128995328,140025856
658.956,53178368,140025856
659.963,95424512,140025856
660.969,28884992,140025856
661.975,35819520,140025856
662.981,139309056,140025856
663.987,27611136,140025856
664.991,135749632,140025856
665.997,7540736,140025856
667.003,97697792,140025856
668.009,46235648,140025856
669.014,53190656,140025856
670.020,12349440,140025856
671.027,50593792,140025856
672.033,136970240,140025856
673.039,22540288,140025856
674.045,103092224,140025856
675.051,53776384,140025856
676.057,64024576,140025856
677.063,27791360,140025856
678.069,59310080,140025856
679.075,136605696,140025856
680.081,18804736,140025856
681.088,103096320,140025856
682.094,53768192,140025856
683.100,64782336,140025856
684.105,30380032,140025856
685.111,59097088,140025856
686.118,136904704,140025856
687.124,39993344,140025856
688.129,116838400,140025856
689.135,20967424,140025856
690.141,74039296,140025856
691.146,50548736,140025856
692.152,59813888,140025856
693.159,138588160,140025856
694.165,52445184,140025856
695.171,121409536,140025856
696.177,30834688,140025856
697.183,80113664,140025856
698.189,36261888,140025856
699.194,12058624,140025856
700.201,138903552,140025856
701.207,10186752,140025856
702.213,126144512,140025856
703.219,52539392,140025856
704.225,93147136,140025856
705.230,22462464,140025856
706.236,28082176,140025856
707.242,139304960,140025856
708.247,15953920,140025856
709.253,130129920,140025856
710.258,53198848,140025856
711.264,94670848,140025856
712.270,28889088,140025856
713.276,37482496,140025856
714.282,139640832,140025856
715.288,34480128,140025856
716.294,135127040,140025856
717.300,8994816,140025856
718.306,97845248,140025856
719.312,44888064,140025856
720.319,51326976,140025856
721.324,9871360,140025856
722.330,46653440,140025856
723.337,136933376,140025856
724.343,16891904,140025856
725.349,101728256,140025856
726.355,52744192,140025856
727.361,56479744,140025856
728.367,13885440,140025856
729.373,50184192,140025856
730.380,136556544,140025856
731.386,18694144,140025856
732.392,102531072,140025856
733.398,53387264,140025856
734.404,61153280,140025856
735.409,22175744,140025856
736.415,56725504,140025856
737.422,136491008,140025856
738.428,28188672,140025856
739.433,108457984,140025856
740.439,53768192,140025856
741.445,60702720,140025856
742.451,19992576,140025856
743.457,56860672,140025856
744.464,136728576,140025856
745.469,24346624,140025856
746.475,105345024,140025856
747.481,53948416,140025856
748.487,65748992,140025856
749.493,27156480,140025856
750.498,58953728,140025856
751.505,136736768,140025856
752.511,33177600,140025856
753.517,106688512,140025856
754.523,53772288,140025856
755.529,64274432,140025856
756.536,25452544,140025856
757.542,58056704,140025856
758.548,136888320,140025856
759.554,28053504,140025856
760.560,110161920,140025856
761.565,8015872,140025856
762.571,69758976,140025856
763.578,32833536,140025856
764.584,59379712,140025856
765.591,137728000,140025856
766.597,35618816,140025856
767.603,114409472,140025856
768.609,15339520,140042240
769.615,71729152,140042240
770.621,44797952,140042240
771.627,59633664,140042240
772.634,138526720,140042240
773.640,49201152,140042240
774.646,119271424,140042240
775.652,23236608,140042240
776.658,67280896,140042240
777.664,31137792,140042240
778.670,59371520,140042240
779.676,138620928,140042240
780.682,40816640,140042240
781.688,117075968,140042240
782.693,14225408,140042240
783.699,72122368,140042240
784.706,37376000,140042240
785.712,59269120,140042240
786.718,138944512,140042240
787.724,43745280,140042240
788.730,117329920,140042240
789.736,16044032,140042240
790.742,72343552,140042240
791.748,40841216,140042240
792.754,59387904,140042240
793.761,138350592,140042240
794.767,45539328,140042240
795.774,118300672,140042240
796.780,16564224,140042240
797.787,71876608,140042240
798.793,24039424,140042240
799.799,58634240,140042240
800.805,137015296,140042240
801.811,28282880,140042240
802.817,108277760,140042240
803.824,53817344,140042240
804.829,67067904,140042240
805.835,29331456,140042240
806.841,59355136,140042240
807.848,137465856,140042240
808.854,33067008,140042240
809.860,114507776,140042240
810.865,10235904,140042240
811.871,71475200,140042240
812.877,35340288,140042240
813.883,59240448,140042240
814.890,137105408,140042240
815.896,25559040,140042240
816.902,106881024,140042240
817.908,53702656,140042240
818.913,64401408,140042240
819.919,24854528,140042240
820.925,58785792,140042240
821.931,136589312,140042240
822.937,22732800,140042240
823.943,104464384,140042240
824.950,53657600,140042240
825.956,64765952,140042240
826.962,26144768,140042240
827.968,59076608,140042240
828.975,137015296,140042240
829.981,25001984,140042240
830.987,105680896,140042240
831.993,53702656,140042240
832.999,192708608,192970752
834.005,245293056,245293056
835.010,354402304,357752832
836.016,32890880,370622464
837.022,220553216,370622464
838.028,294064128,370622464
839.034,351379456,370622464
840.040,144994304,370622464
841.046,233218048,370622464
842.052,321490944,370622464
843.058,369659904,370622464
844.064,205529088,377786368
845.070,270966784,377786368
846.076,353251328,377786368
847.082,52113408,377786368
848.087,229097472,377786368
849.093,293183488,377786368
850.099,353574912,377786368
851.105,169136128,377786368
852.111,234053632,377786368
853.117,350707712,377786368
854.124,52506624,377786368
855.130,220127232,377786368
856.136,287711232,377786368
857.142,354390016,377786368
858.148,45162496,377786368
859.155,233091072,377786368
860.161,314880000,377786368
861.167,352301056,377786368
862.173,177025024,377786368
863.179,234213376,377786368
864.185,352915456,377786368
865.191,8912896,377786368
866.196,220430336,377786368
867.202,292929536,377786368
868.209,354254848,377786368
869.215,56213504,377786368
870.222,233537536,377786368
871.228,322666496,377786368
872.234,352841728,377786368
873.240,191033344,377786368
874.247,245510144,377786368
875.253,352837632,377786368
876.259,32722944,377786368
877.266,218808320,377786368
878.272,293146624,377786368
879.278,352358400,377786368
880.285,155725824,377786368
881.291,233172992,377786368
882.297,327131136,377786368
883.303,360165376,377786368
884.309,215085056,377786368
885.315,271245312,377786368
886.321,352497664,377786368
887.327,12099584,377786368
888.333,229601280,377786368
889.339,293371904,377786368
890.346,353034240,377786368
891.352,169533440,377786368
892.359,234164224,377786368
893.365,347979776,377786368
894.371,8253440,377786368
895.377,220233728,377786368
896.383,293519360,377786368
897.390,352493568,377786368
898.396,44544000,377786368
899.402,233336832,377786368
900.409,321568768,377786368
901.415,353284096,377786368
902.422,189906944,377786368
903.428,245719040,377786368
904.434,352706560,377786368
905.440,25124864,377786368
906.446,220860416,377786368
907.452,294100992,377786368
908.458,350834688,377786368
909.464,144461824,377786368
910.470,233492480,377786368
911.477,320479232,377786368
912.482,370020352,377786368
913.489,205017088,378408960
914.495,270413824,378408960
915.501,353914880,378408960
916.508,53116928,378408960
917.514,229191680,378408960
918.520,293601280,378408960
919.526,352231424,378408960
920.532,167485440,378408960
921.538,233570304,378408960
922.545,349437952,378408960
923.551,366231552,378408960
924.557,219766784,378408960
925.563,271589376,378408960
926.569,353423360,378408960
927.575,24657920,378408960
928.581,231776256,378408960
929.587,318828544,378408960
930.593,353366016,378408960
931.599,177561600,378408960
932.604,234291200,378408960
933.610,351203328,378408960
934.616,10752000,378408960
935.621,220217344,378408960
936.627,293285888,378408960
937.633,353947648,378408960
938.638,56512512,378408960
939.644,233607168,378408960
940.650,321024000,378408960
941.656,356241408,378408960
942.662,199671808,378408960
943.668,248688640,378408960
944.674,352780288,378408960
945.680,46800896,378408960
946.686,229310464,378408960
947.692,293797888,378408960
948.699,354234368,378408960
949.705,166895616,378408960
950.712,233668608,378408960
951.717,346124288,378408960
952.723,364052480,378408960
953.729,219488256,378408960
954.735,270983168,378408960
955.741,352026624,378408960
956.746,10006528,378408960
957.753,229380096,378408960
958.759,293511168,378408960
959.765,352399360,378408960
960.772,169476096,378408960
961.778,234385408,378408960
962.784,349728768,378408960
963.790,52617216,378408960
964.796,220086272,378408960
965.802,288227328,378408960
966.808,354320384,378408960
967.814,45809664,378408960
968.819,232861696,378408960
969.825,321257472,378408960
970.832,350355456,378408960
971.839,190324736,378408960
972.845,245673984,378408960
973.853,352849920,378408960
974.859,31907840,378408960
975.865,219152384,378408960
976.871,292892672,378408960
977.877,364367872,378408960
978.883,158244864,378408960
979.890,233496576,378408960
980.896,322625536,378408960
981.902,363802624,378408960
982.908,213929984,378408960
983.914,270581760,378408960
984.920,352956416,378408960
985.925,17371136,378408960
986.932,229543936,378408960
987.938,309620736,378408960
988.944,352833536,378408960
989.951,176906240,378408960
990.957,234283008,378408960
991.963,350027776,378408960
992.969,6500352,378408960
993.974,220200960,378408960
994.980,293212160,378408960
995.987,354308096,378408960
996.993,56532992,378408960
997.999,233562112,378408960
999.005,322289664,378408960
1000.011,360779776,378408960
1001.017,202653696,378408960
1002.023,255696896,378408960
1003.029,352182272,378408960
1004.035,47443968,378408960
1005.041,229199872,378408960
1006.047,294211584,378408960
1007.054,352239616,378408960
1008.061,168292352,378408960
1009.067,233984000,378408960
1010.074,348942336,378408960
1011.080,264081408,378408960
1012.086,220057600,378408960
1013.091,273154048,378408960
1014.097,352104448,378408960
1015.102,28872704,378408960
1016.108,232673280,378408960
1017.113,294277120,378408960
1018.119,350769152,378408960
1019.125,169836544,378408960
1020.131,234217472,378408960
1021.137,351711232,378408960
1022.143,6086656,378408960
1023.148,219893760,378408960
1024.154,292876288,378408960
1025.160,353681408,378408960
1026.167,48611328,378408960
1027.173,233795584,378408960
1028.179,322457600,378408960
1029.185,357109760,378408960
1030.191,190312448,378408960
1031.198,245379072,378408960
1032.204,353734656,378408960
1033.209,31305728,378408960
1034.215,218316800,378408960
1035.221,293220352,378408960
1036.228,355577856,378408960
1037.234,154271744,378408960
1038.240,233549824,378408960
1039.246,321753088,378408960
1040.253,361689088,378408960
1041.259,204890112,378408960
1042.265,270852096,378408960
1043.272,354734080,378408960
1044.278,52912128,378408960
1045.284,229191680,378408960
1046.290,293781504,378408960
1047.296,352796672,378408960
1048.302,168910848,378408960
1049.309,234254336,378408960
1050.315,350515200,378408960
1051.321,59199488,378408960
1052.327,219832320,378408960
1053.333,270966784,378408960
1054.340,359424000,378408960
1055.345,26427392,378408960
1056.351,232550400,378408960
1057.358,320491520,378408960
1058.364,357425152,378408960
1059.371,177418240,378408960
1060.377,237105152,378408960
1061.383,353918976,378408960
1062.389,17108992,378408960
1063.395,220626944,378408960
1064.401,293179392,378408960
1065.408,352350208,378408960
1066.414,142114816,378408960
1067.420,233590784,378408960
1068.427,322101248,378408960
1069.434,360046592,378408960
1070.440,204619776,378408960
1071.446,270319616,378408960
1072.452,355188736,378408960
1073.458,52981760,378408960
1074.464,229433344,378408960
1075.470,294096896,378408960
1076.477,349851648,378408960
1077.483,166047744,378408960
1078.490,233541632,378408960
1079.495,345214976,378408960
1080.502,363036672,378408960
1081.508,219557888,378408960
1082.513,270553088,378408960
1083.519,354148352,378408960
1084.525,25214976,378408960
1085.531,232325120,378408960
1086.537,320929792,378408960
1087.543,353341440,378408960
1088.550,184856576,378408960
1089.556,238592000,378408960
1090.562,354693120,378408960
1091.568,14282752,378408960
1092.574,220483584,378408960
1093.580,292560896,378408960
1094.586,355602432,378408960
1095.592,79626240,378408960
1096.597,233627648,378408960
1097.604,321880064,378408960
1098.609,361349120,378408960
1099.616,195584000,378408960
1100.623,245616640,378408960
1101.629,354529280,378408960
1102.635,43098112,378408960
1103.641,219824128,378408960
1104.647,293679104,378408960
1105.653,353296384,378408960
1106.659,159141888,378408960
1107.665,233758720,378408960
1108.671,339042304,378408960
1109.677,365854720,378408960
1110.683,219607040,378408960
1111.689,270962688,378408960
1112.696,351531008,378408960
1113.701,11149312,378408960
1114.708,229814272,378408960
1115.715,293949440,378408960
1116.721,352579584,378408960
1117.727,169336832,378408960
1118.733,234446848,378408960
1119.739,350838784,378408960
1120.745,6418432,378408960
1121.751,220483584,378408960
1122.757,293535744,378408960
1123.763,353800192,378408960
1124.769,47132672,378408960
1125.775,233390080,378408960
1126.782,321994752,378408960
1127.788,349814784,378408960
1128.794,190341120,378408960
1129.800,245813248,378408960
1130.806,351502336,378408960
1131.812,31092736,378408960
1132.818,218234880,378408960
1133.824,293703680,378408960
1134.831,351485952,378408960
1135.837,150724608,378408960
1136.843,233504768,378408960
1137.849,322895872,378408960
1138.856,356077568,378408960
1139.861,204054528,378408960
1140.867,271433728,378408960
1141.874,356085760,378408960
1142.879,53207040,378408960
1143.885,229212160,378408960
1144.892,293294080,378408960
1145.898,353923072,378408960
1146.905,168951808,378408960
1147.911,234385408,378408960
1148.918,350253056,378408960
1149.923,54353920,378408960
1150.929,219889664,378408960
1151.934,282480640,378408960
1152.940,354603008,378408960
1153.947,46936064,378408960
1154.953,232796160,378408960
1155.958,320614400,378408960
1156.965,353685504,378408960
1157.971,190205952,378408960
1158.977,245944320,378408960
1159.983,351903744,378408960
1160.989,19116032,378408960
1161.995,220741632,378408960
1163.001,292483072,378408960
1164.008,354828288,378408960
1165.014,145760256,378408960
1166.021,233426944,378408960
1167.027,322289664,378408960
1168.033,358608896,378408960
1169.039,205254656,378408960
1170.045,270528512,378408960
1171.051,353001472,378408960
1172.056,53284864,378408960
1173.063,229289984,378408960
1174.069,294563840,378408960
1175.076,354656256,378408960
1176.083,167460864,378408960
1177.089,233615360,378408960
1178.095,348479488,378408960
1179.101,366395392,378408960
1180.108,219713536,378408960
1181.114,271335424,378408960
1182.120,349929472,378408960
1183.126,25522176,378408960
1184.132,232677376,378408960
1185.138,320143360,378408960
1186.144,353419264,378408960
1187.151,177344512,378408960
1188.157,234233856,378408960
1189.164,353656832,378408960
1190.169,12374016,378408960
1191.175,220512256,378408960
1192.181,294346752,378408960
1193.187,352317440,378408960
1194.194,81817600,378408960
1195.200,233668608,378408960
1196.206,320700416,378408960
1197.212,354983936,378408960
1198.218,195751936,378408960
1199.224,245792768,378408960
1200.230,350789632,378408960
1201.235,44142592,378408960
1202.242,220573696,378408960
1203.249,294498304,378408960
1204.255,353587200,378408960
1205.261,165580800,378408960
1206.267,233373696,378408960
1207.273,345448448,378408960
1208.279,360992768,378408960
1209.285,219643904,378408960
1210.291,271200256,378408960
1211.298,353828864,378408960
1212.304,24772608,378408960
1213.309,231395328,378408960
1214.315,320991232,378408960
1215.321,353804288,378408960
1216.327,185339904,378408960
1217.333,237912064,378408960
1218.338,353878016,378408960
1219.343,6742016,378408960
1220.348,220106752,378408960
1221.354,292794368,378408960
1222.360,356831232,378408960
1223.366,53510144,378408960
1224.372,233840640,378408960
1225.378,322039808,378408960
1226.384,349986816,378408960
1227.390,195870720,378408960
1228.396,245362688,378408960
1229.403,348700672,378408960
1230.408,39473152,378408960
1231.414,219684864,378408960
1232.420,294133760,378408960
1233.426,353378304,378408960
1234.432,153989120,378408960
1235.438,233582592,378408960
1236.445,328601600,378408960
1237.451,360878080,378408960
1238.457,214372352,378408960
1239.463,271126528,378408960
1240.469,352489472,378408960
1241.475,6672384,378408960
1242.481,229244928,378408960
1243.487,293769216,378408960
1244.493,354394112,378408960
1245.500,169127936,378408960
1246.507,234291200,378408960
1247.513,350466048,378408960
1248.518,54116352,378408960
1249.525,219934720,378408960
1250.531,275521536,378408960
1251.537,350994432,378408960
1252.543,39682048,378408960
1253.550,233201664,378408960
1254.556,322191360,378408960
1255.563,352591872,378408960
1256.569,177434624,378408960
1257.575,234463232,378408960
1258.581,353779712,378408960
1259.587,12333056,378408960
1260.594,220798976,378408960
1261.599,293244928,378408960
1262.606,365531136,378408960
1263.612,64032768,378408960
1264.618,233914368,378408960
1265.625,321994752,378408960
1266.631,357634048,378408960
1267.638,199348224,378408960
1268.644,247259136,378408960
1269.650,353095680,378408960
1270.657,42074112,378408960
1271.663,219705344,378408960
1272.669,294084608,378408960
1273.675,351555584,378408960
1274.681,30642176,378408960
1275.686,233660416,378408960
1276.692,319643648,378408960
1277.698,352002048,378408960
1278.704,146472960,378408960
1279.710,233902080,378408960
1280.716,321196032,378408960
1281.722,361066496,378408960
1282.729,170029056,378408960
1283.736,234119168,378408960
1284.742,346456064,378408960
1285.748,370356224,378408960
1286.754,202637312,378408960
1287.760,257589248,378408960
1288.766,349687808,378408960
1289.773,52871168,378408960
1290.779,220164096,378408960
1291.785,275353600,378408960
1292.792,353730560,378408960
1293.798,34803712,378408960
1294.804,218968064,378408960
1295.809,294727680,378408960
1296.815,350846976,378408960
1297.820,32387072,378408960
1298.826,233713664,378408960
1299.832,321961984,378408960
1300.839,348704768,378408960
1301.845,158367744,378408960
1302.851,234074112,378408960
1303.857,338145280,378408960
1304.862,363167744,378408960
1305.868,186368000,378408960
1306.874,246042624,378408960
1307.879,352768000,378408960
1308.885,356241408,378408960
1309.891,219783168,378408960
1310.897,272158720,378408960
1311.903,354349056,378408960
1312.909,14766080,378408960
1313.915,220758016,378408960
1314.921,290914304,378408960
1315.927,353079296,378408960
1316.934,53374976,378408960
1317.940,229896192,378408960
1318.946,291500032,378408960
1319.952,352141312,378408960
1320.958,54927360,378408960
1321.964,233893888,378408960
1322.970,320663552,378408960
1323.977,361791488,378408960
1324.983,169431040,383287296
1325.989,234336256,383287296
1326.996,348381184,383287296
1328.002,373628928,383287296
1329.008,199131136,383287296
1330.014,246796288,383287296
1331.020,346550272,383287296
1332.026,54202368,383287296
1333.032,220000256,383287296
1334.038,274673664,383287296
1335.045,353439744,383287296
1336.051,43036672,383287296
1337.057,219783168,383287296
1338.063,294756352,383287296
1339.069,350502912,383287296
1340.074,26284032,383287296
1341.081,232751104,383287296
1342.086,319500288,383287296
1343.093,350085120,383287296
1344.099,156057600,383287296
1345.105,233795584,383287296
1346.112,334405632,383287296
1347.118,360599552,383287296
1348.124,187072512,383287296
1349.130,245374976,383287296
1350.137,347488256,383287296
1351.143,375148544,383287296
1352.148,219320320,383287296
1353.155,273285120,383287296
1354.162,350441472,383287296
1355.167,12193792,383287296
1356.173,220696576,383287296
1357.179,294223872,383287296
1358.185,347750400,383287296
1359.191,13221888,383287296
1360.198,229937152,383287296
1361.203,295473152,383287296
1362.210,349622272,383287296
1363.215,141873152,383287296
1364.222,233918464,383287296
1365.229,323145728,383287296
1366.235,359288832,383287296
1367.242,171753472,383287296
1368.248,234115072,383287296
1369.254,349282304,383287296
1370.261,375836672,383287296
1371.266,205103104,383287296
1372.272,270770176,383287296
1373.279,348766208,383287296
1374.284,7110656,383287296
1375.290,220315648,383287296
1376.296,289710080,383287296
1377.302,350142464,383287296
1378.308,34025472,383287296
1379.314,218648576,383287296
1380.320,294338560,383287296
1381.327,350457856,383287296
1382.333,27570176,383287296
1383.339,232574976,383287296
1384.346,319606784,383287296
1385.352,352362496,383287296
1386.359,152715264,383287296
1387.365,233869312,383287296
1388.371,323698688,383287296
1389.377,358555648,383287296
1390.384,180969472,383287296
1391.390,238825472,383287296
1392.396,347160576,383287296
1393.402,377761792,383287296
1394.408,217866240,383287296
1395.414,272801792,383287296
1396.420,359968768,383287296
1397.426,15015936,383287296
1398.432,220520448,383287296
1399.438,290697216,383287296
1400.443,356855808,383287296
1401.450,48402432,383287296
1402.456,229662720,383287296
1403.462,291790848,383287296
1404.469,356904960,383287296
1405.475,49881088,383287296
1406.480,234098688,383287296
1407.486,320344064,383287296
1408.491,351088640,383287296
1409.498,167956480,383287296
1410.504,234110976,383287296
1411.511,346447872,383287296
1412.517,371294208,383287296
1413.523,189857792,383287296
1414.529,246132736,383287296
1415.535,352964608,383287296
1416.540,356442112,383287296
1417.546,219983872,383287296
1418.553,273100800,383287296
1419.559,350146560,383287296
1420.565,22937600,383287296
1421.571,221073408,383287296
1422.577,291237888,383287296
1423.583,350498816,383287296
1424.589,20500480,383287296
1425.595,230182912,383287296
1426.601,302272512,383287296
1427.607,347066368,383287296
1428.612,145866752,383287296
1429.619,234336256,383287296
1430.625,321630208,383287296
1431.631,371683328,383287296
1432.638,176996352,385839104
1433.645,234143744,385839104
1434.652,351133696,385839104
1435.658,376918016,385839104
1436.664,205791232,385839104
1437.670,264978432,385839104
1438.676,356024320,385839104
1439.682,7622656,385839104
1440.688,220676096,385839104
1441.694,290455552,385839104
1442.700,353763328,385839104
1443.706,51884032,385839104
1444.712,230035456,385839104
1445.718,291901440,385839104
1446.724,358690816,385839104
1447.729,49414144,385839104
1448.736,233680896,385839104
1449.742,321236992,385839104
1450.748,347394048,385839104
1451.754,168460288,385839104
1452.760,234409984,385839104
1453.767,347189248,385839104
1454.773,368406528,385839104
1455.779,195145728,385839104
1456.785,246693888,385839104
1457.792,350760960,385839104
1458.798,224395264,385839104
1459.805,220106752,385839104
1460.811,272965632,385839104
1461.817,355991552,385839104
1462.823,24285184,385839104
1463.829,223154176,385839104
1464.835,294264832,385839104
1465.841,356622336,385839104
1466.848,23969792,385839104
1467.854,232976384,385839104
1468.860,320000000,385839104
1469.866,351338496,385839104
1470.872,153567232,385839104
1471.877,233938944,385839104
1472.883,323284992,385839104
1473.889,359014400,385839104
1474.895,170283008,385839104
1475.901,234102784,385839104
1476.908,349847552,385839104
1477.914,375164928,385839104
1478.920,205029376,385839104
1479.925,272035840,385839104
1480.932,349212672,385839104
1481.938,8192000,385839104
1482.944,220401664,385839104
1483.949,290779136,385839104
1484.956,364314624,385839104
1485.961,53186560,385839104
1486.968,229842944,385839104
1487.974,291389440,385839104
1488.979,349667328,385839104
1489.984,56594432,385839104
1490.990,234041344,385839104
1491.997,323170304,385839104
1493.002,352505856,385839104
1494.009,169021440,385839104
1495.014,233889792,385839104
1496.020,347267072,385839104
1497.026,362618880,385839104
1498.032,189575168,385839104
1499.038,246091776,385839104
1500.044,350195712,385839104
1501.050,355803136,385839104
1502.056,219754496,385839104
1503.062,272535552,385839104
1504.068,354144256,385839104
1505.074,23400448,385839104
1506.080,222523392,385839104
1507.086,291704832,385839104
1508.092,352563200,385839104
1509.098,23171072,385839104
1510.104,230117376,385839104
1511.110,314003456,385839104
1512.116,357986304,385839104
1513.122,152948736,385839104
1514.128,234217472,385839104
1515.134,321916928,385839104
1516.140,361488384,385839104
1517.146,183595008,385839104
1518.152,234106880,385839104
1519.158,348753920,385839104
1520.164,374898688,385839104
1521.169,205271040,385839104
1522.175,272003072,385839104
1523.181,346316800,385839104
1524.187,9580544,385839104
1525.193,220692480,385839104
1526.199,290902016,385839104
1527.205,356085760,385839104
1528.211,53440512,385839104
1529.217,230027264,385839104
1530.223,291086336,385839104
1531.230,351170560,385839104
1532.235,56791040,385839104
1533.241,234143744,385839104
1534.247,321437696,385839104
1535.253,348180480,385839104
1536.260,167608320,385839104
1537.266,233865216,385839104
1538.272,343777280,385839104
1539.278,362647552,385839104
1540.284,190500864,385839104
1541.290,246226944,385839104
1542.296,352030720,385839104
1543.302,357781504,385839104
1544.308,219488256,385839104
1545.314,272388096,385839104
1546.320,355020800,385839104
1547.326,32141312,385839104
1548.332,218828800,385839104
1549.338,291704832,385839104
1550.343,353587200,385839104
1551.349,34201600,385839104
1552.355,233537536,385839104
1553.361,322850816,385839104
1554.367,350941184,385839104
1555.373,153927680,385839104
1556.378,234004480,385839104
1557.384,323395584,385839104
1558.390,357216256,385839104
1559.397,177123328,385839104
1560.403,233721856,385839104
1561.409,346767360,385839104
1562.416,373878784,385839104
1563.422,205578240,385839104
1564.428,272535552,385839104
1565.435,352956416,385839104
1566.440,9601024,385839104
1567.447,220647424,385839104
1568.453,291565568,385839104
1569.459,357429248,385839104
1570.465,5353472,385839104
1571.471,229629952,385839104
1572.477,294641664,385839104
1573.484,354107392,385839104
1574.490,103084032,385839104
1575.496,234000384,385839104
1576.502,322961408,385839104
1577.508,366981120,385839104
1578.514,169447424,385855488
1579.521,234049536,385855488
1580.528,348954624,385855488
1581.534,373657600,385855488
1582.540,195981312,385855488
1583.546,246460416,385855488
1584.553,350433280,385855488
1585.559,53694464,385855488
1586.565,220139520,385855488
1587.572,274796544,385855488
1588.578,355000320,385855488
1589.584,45780992,385855488
1590.590,224886784,385855488
1591.596,291471360,385855488
1592.602,351674368,385855488
1593.608,35954688,385855488
1594.615,233713664,385855488
1595.621,319959040,385855488
1596.627,351621120,385855488
1597.633,160866304,385855488
1598.639,233680896,385855488
1599.646,339472384,385855488
1600.652,366178304,385855488
1601.658,189607936,385855488
1602.664,246165504,385855488
1603.670,347754496,385855488
1604.676,376213504,385855488
1605.682,219832320,385855488
1606.687,272687104,385855488
1607.693,351424512,385855488
1608.699,31559680,385855488
1609.705,218374144,385855488
1610.710,294395904,385855488
1611.716,349548544,385855488
1612.722,32440320,385855488
1613.728,233762816,385855488
1614.733,322891776,385855488
1615.739,349982720,385855488
1616.744,148492288,385855488
1617.751,234160128,385855488
1618.756,321978368,385855488
1619.761,361881600,385855488
1620.767,177672192,385855488
1621.774,234274816,385855488
1622.780,349442048,385855488
1623.786,375443456,385855488
1624.792,213049344,385855488
1625.798,272441344,385855488
1626.804,356126720,385855488
1627.810,12595200,385855488
1628.816,220798976,385855488
1629.822,290930688,385855488
1630.828,352894976,385855488
1631.834,12222464,385855488
1632.840,229961728,385855488
1633.846,292352000,385855488
1634.852,354476032,385855488
1635.858,143347712,385855488
1636.865,233656320,385855488
1637.871,323047424,385855488
1638.877,356904960,385855488
1639.883,168341504,385855488
1640.890,234008576,385855488
1641.896,346869760,385855488
1642.902,379187200,385855488
1643.908,199856128,385855488
1644.914,247193600,385855488
1645.919,352223232,385855488
1646.925,53022720,385855488
1647.931,219951104,385855488
1648.937,276246528,385855488
1649.944,350941184,385855488
1650.950,43638784,385855488
1651.956,220131328,385855488
1652.962,291958784,385855488
1653.968,355422208,385855488
1654.974,31744000,385855488
1655.980,233836544,385855488
1656.986,320081920,385855488
1657.992,352215040,385855488
1658.998,158380032,385855488
1660.004,234033152,385855488
1661.011,333123584,385855488
1662.017,361394176,385855488
1663.023,186499072,385855488
1664.029,242241536,385855488
1665.035,349073408,385855488
1666.041,354902016,385855488
1667.047,218648576,385855488
1668.053,272302080,385855488
1669.059,355536896,385855488
1670.065,19066880,385855488
1671.071,220852224,385855488
1672.078,294121472,385855488
1673.084,349790208,385855488
1674.090,18362368,385855488
1675.096,230141952,385855488
1676.103,301817856,385855488
1677.109,350437376,385855488
1678.115,98377728,385855488
1679.121,234000384,385855488
1680.127,320245760,385855488
1681.133,361316352,385855488
1682.139,169259008,385855488
1683.145,234176512,385855488
1684.152,347037696,385855488
1685.159,370192384,385855488
1686.165,202973184,385855488
1687.171,260272128,385855488
1688.178,352632832,385855488
1689.184,5857280,385855488
1690.190,220459008,385855488
1691.196,291409920,385855488
1692.202,353525760,385855488
1693.208,52772864,385855488
1694.214,229699584,385855488
1695.221,291827712,385855488
1696.226,350261248,385855488
1697.232,56659968,385855488
1698.238,233811968,385855488
1699.244,320581632,385855488
1700.250,350674944,385855488
1701.256,157073408,385855488
1702.262,233713664,385855488
1703.268,327823360,385855488
1704.274,363122688,385855488
1705.280,182870016,385855488
1706.286,234213376,385855488
1707.292,348250112,385855488
1708.298,376676352,385855488
1709.304,218972160,385855488
1710.310,272596992,385855488
1711.317,358576128,385855488
1712.323,18841600,385855488
1713.329,220356608,385855488
1714.336,294449152,385855488
1715.342,356564992,385855488
1716.349,11583488,385925120
1717.355,230006784,385925120
1718.361,291610624,385925120
1719.368,350134272,385925120
1720.374,103219200,385925120
1721.380,233906176,385925120
1722.386,320151552,385925120
1723.392,361689088,385925120
1724.399,169783296,385925120
1725.405,234455040,385925120
1726.412,349360128,385925120
1727.418,375529472,385925120
1728.424,202887168,385925120
1729.430,262828032,385925120
1730.437,346972160,385925120
1731.443,6397952,385925120
1732.449,99463168,385925120
1733.455,53379072,385925120
1734.461,99979264,385925120
1735.467,57208832,385925120
1736.473,100274176,385925120
1737.479,81985536,385925120
1738.486,100589568,385925120
1739.492,98414592,385925120
1740.498,6139904,385925120
1741.504,99147776,385925120
1742.510,53727232,385925120
1743.516,100225024,385925120
1744.522,55361536,385925120
1745.529,100261888,385925120
1746.535,83722240,385925120
1747.541,100495360,385925120
1748.547,98398208,385925120
1749.552,10014720,385925120
1750.558,99381248,385925120
1751.564,12025856,385925120
1752.570,99893248,385925120
1753.576,65245184,385925120
1754.583,100446208,385925120
1755.589,95424512,385925120
1756.595,100401152,385925120
1757.601,98410496,385925120
1758.607,27660288,385925120
1759.613,99348480,385925120
1760.619,27615232,385925120
1761.625,100106240,385925120
1762.631,73203712,385925120
1763.637,100802560,385925120
1764.643,97390592,385925120
1765.649,100581376,385925120
1766.655,99221504,385925120
1767.662,41332736,385925120
1768.668,99696640,385925120
1769.674,45592576,385925120
1770.680,100188160,385925120
1771.685,81571840,385925120
1772.691,100368384,385925120
1773.698,97947648,385925120
1774.704,28647424,385925120
1775.709,98971648,385925120
1776.715,53325824,385925120
1777.721,99680256,385925120
1778.727,59191296,385925120
1779.733,100683776,385925120
1780.739,90132480,385925120
1781.745,100614144,385925120
1782.751,98504704,385925120
1783.757,14544896,385925120
1784.763,99102720,385925120
1785.768,21303296,385925120
1786.775,100638720,385925120
1787.781,70836224,385925120
1788.787,100794368,385925120
1789.793,97558528,385925120
1790.799,101019648,385925120
1791.805,98803712,385925120
1792.811,44470272,385925120
1793.817,99557376,385925120
1794.822,48324608,385925120
1795.828,100560896,385925120
1796.835,83161088,385925120
1797.841,100282368,385925120
1798.847,98713600,385925120
1799.852,7446528,385925120
1800.858,100519936,385925120
1801.864,78155776,385925120
1802.869,100163584,385925120
1803.875,98369536,385925120
1804.881,53080064,385925120
1805.887,99680256,385925120
1806.893,72863744,385925120
1807.899,100462592,385925120
1808.905,98033664,385925120
1809.911,33828864,385925120
1810.917,99352576,385925120
1811.923,65200128,385925120
1812.928,100401152,385925120
1813.935,97533952,385925120
1814.940,19435520,385925120
1815.946,99082240,385925120
1816.952,55435264,385925120
1817.958,100593664,385925120
1818.964,91672576,385925120
1819.970,101105664,385925120
1820.976,98463744,385925120
1821.982,45391872,385925120
1822.988,99860480,385925120
1823.994,60256256,385925120
1825.000,100175872,385925120
1826.006,95498240,385925120
1827.012,100241408,385925120
1828.018,98603008,385925120
1829.023,50929664,385925120
1830.029,99856384,385925120
1831.033,64946176,385925120
1832.040,100352000,385925120
1833.046,94289920,385925120
1834.051,100511744,385925120
1835.057,98971648,385925120
1836.063,51789824,385925120
1837.069,99684352,385925120
1838.074,65060864,385925120
1839.080,100524032,385925120
1840.085,93229056,385925120
1841.091,100302848,385925120
1842.097,98377728,385925120
1843.103,20475904,385925120
1844.109,99479552,385925120
1845.114,25890816,385925120
1846.121,100577280,385925120
1847.127,72814592,385925120
1848.134,100675584,385925120
1849.140,97574912,385925120
1850.146,99524608,385925120
1851.152,98553856,385925120
1852.158,39714816,385925120
1853.164,99426304,385925120
1854.170,44511232,385925120
1855.176,100343808,385925120
1856.182,78594048,385925120
1857.188,100339712,385925120
1858.194,97415168,385925120
1859.201,99139584,385925120
1860.207,98725888,385925120
1861.213,47095808,385925120
1862.220,99995648,385925120
1863.226,57364480,385925120
1864.232,100171776,385925120
1865.238,90140672,385925120
1866.244,100360192,385925120
1867.251,98512896,385925120
1868.256,21499904,385925120
1869.263,99201024,385925120
1870.269,31858688,385925120
1871.275,100114432,385925120
1872.281,73990144,385925120
1873.287,100540416,385925120
1874.293,98324480,385925120
1875.298,8241152,385925120
1876.304,99008512,385925120
1877.309,11501568,385925120
1878.315,99987456,385925120
1879.321,60555264,385925120
1880.328,100212736,385925120
1881.335,92405760,385925120
1882.341,100302848,385925120
1883.347,98103296,385925120
1884.353,99078144,385925120
1885.359,98783232,385925120
1886.365,44044288,385925120
1887.372,99504128,385925120
1888.378,32325632,385925120
1889.385,100225024,385925120
1890.391,67043328,385925120
1891.397,100405248,385925120
1892.403,90116096,385925120
1893.410,100597760,385925120
1894.416,97906688,385925120
1895.422,99336192,385925120
1896.428,98635776,385925120
1897.434,25600000,385925120
1898.440,99565568,385925120
1899.446,17293312,385925120
1900.452,99995648,385925120
1901.458,60301312,385925120
1902.464,100347904,385925120
1903.470,83001344,385925120
1904.476,100290560,385925120
1905.483,98562048,385925120
1906.488,28274688,385925120
1907.494,99741696,385925120
1908.500,47403008,385925120
1909.508,100233216,385925120
1910.514,91123712,385925120
1911.520,100556800,385925120
1912.526,98570240,385925120
1913.532,42119168,385925120
1914.538,99463168,385925120
1915.544,57626624,385925120
1916.550,100388864,385925120
1917.555,88838144,385925120
1918.561,100630528,385925120
1919.568,98410496,385925120
1920.574,35926016,385925120
1921.580,99479552,385925120
1922.586,54161408,385925120
1923.592,100630528,385925120
1924.599,91881472,385925120
1925.605,100528128,385925120
1926.611,98127872,385925120
1927.616,10584064,385925120
1928.622,98902016,385925120
1929.628,45182976,385925120
1930.635,99414016,385925120
1931.641,31072256,385925120
1932.647,100311040,385925120
1933.653,70627328,385925120
1934.659,100323328,385925120
1935.665,95096832,385925120
1936.672,100331520,385925120
1937.678,98582528,385925120
1938.683,9302016,385925120
1939.688,99061760,385925120
1940.694,40878080,385925120
1941.701,99811328,385925120
1942.707,33632256,385925120
1943.714,100319232,385925120
1944.720,71659520,385925120
1945.727,100569088,385925120
1946.733,116609024,385925120
1947.739,146939904,385925120
1948.744,239980544,385925120
1949.750,392126464,392388608
1950.756,669900800,669900800
1951.762,914956288,915107840
1952.767,782958592,922402816
1953.773,838508544,922402816
1954.779,918740992,950292480
1955.786,387940352,1019924480
1956.791,623636480,1019924480
1957.796,944898048,1019924480
1958.802,964857856,1019924480
1959.808,828850176,1019924480
1960.813,962301952,1019924480
1961.819,361988096,1041383424
1962.825,640225280,1041383424
1963.832,949784576,1041383424
1964.838,1003630592,1041383424
1965.844,928890880,1041383424
1966.850,958369792,1041383424
1967.857,1044754432,1044783104
1968.863,607350784,1048752128
1969.869,932741120,1048752128
1970.875,1008283648,1048752128
1971.882,903151616,1048752128
1972.888,935358464,1048752128
1973.894,1023094784,1048752128
1974.899,527556608,1048752128
1975.906,862859264,1048752128
1976.912,990031872,1048752128
1977.918,908730368,1048752128
1978.925,917405696,1048752128
1979.930,1019310080,1048752128
1980.937,492142592,1050095616
1981.942,729948160,1050095616
1982.949,983277568,1050095616
1983.955,1020919808,1050095616
1984.961,896335872,1050095616
1985.966,979472384,1050095616
1986.973,441376768,1060642816
1987.979,681893888,1060642816
1988.985,998551552,1060642816
1989.991,1017806848,1060642816
1990.997,841080832,1060642816
1992.002,976228352,1060642816
1993.008,739147776,1060859904
1994.014,658194432,1060859904
1995.020,964460544,1060859904
1996.026,1015791616,1060859904
1997.033,952176640,1060859904
1998.038,981831680,1060859904
1999.044,338477056,1060859904
2000.050,624369664,1060859904
2001.057,924213248,1060859904
2002.063,968388608,1060859904
2003.069,894566400,1060859904
2004.075,935665664,1060859904
2005.081,1017409536,1060859904
2006.086,572506112,1060859904
2007.091,929353728,1060859904
2008.097,1023987712,1060859904
2009.103,907304960,1060859904
2010.109,946872320,1060859904
2011.115,1041080320,1060859904
2012.120,513634304,1067319296
2013.126,783626240,1067319296
2014.132,996216832,1067319296
2015.138,855257088,1067319296
2016.144,913412096,1067319296
2017.150,993533952,1067319296
2018.155,458452992,1075437568
2019.161,698241024,1075437568
2020.167,983588864,1075437568
2021.173,1011761152,1075437568
2022.179,853336064,1075437568
2023.185,975179776,1075437568
2024.191,393150464,1075437568
2025.197,676560896,1075437568
2026.203,985767936,1075437568
2027.209,1018494976,1075437568
2028.215,959766528,1075437568
2029.221,986021888,1075437568
2030.227,1035931648,1076424704
2031.232,644968448,1076424704
2032.239,961064960,1076424704
2033.245,1034289152,1076424704
2034.251,954527744,1076424704
2035.256,988282880,1076424704
2036.262,1068244992,1076424704
2037.268,578007040,1076424704
2038.274,915914752,1076424704
2039.281,1029939200,1076424704
2040.287,916615168,1076424704
2041.293,955469824,1076424704
2042.299,1045188608,1076424704
2043.304,545660928,1076424704
2044.309,866234368,1076424704
2045.316,1027850240,1076424704
2046.322,925581312,1076424704
2047.328,968089600,1076424704
2048.334,1063919616,1076424704
2049.340,537419776,1082941440
2050.346,816332800,1082941440
2051.353,1035137024,1082941440
2052.359,930369536,1082941440
2053.366,938680320,1082941440
2054.372,1035567104,1082941440
2055.377,508428288,1083486208
2056.382,731410432,1083486208
2057.389,1041727488,1083486208
2058.395,1049120768,1083486208
2059.400,904024064,1083486208
2060.405,1016049664,1083486208
2061.411,437510144,1083486208
2062.417,694546432,1083486208
2063.423,1005469696,1083486208
2064.430,1052565504,1083486208
2065.436,978538496,1083486208
2066.441,1008717824,1083486208
2067.447,1055678464,1095401472
2068.453,661393408,1095401472
2069.460,972324864,1095401472
2070.466,1045782528,1095401472
2071.472,971534336,1095401472
2072.478,1013198848,1095401472
2073.484,1093091328,1095401472
2074.490,568303616,1108733952
2075.496,914321408,1108733952
2076.503,1053933568,1108733952
2077.509,932999168,1108733952
2078.515,975753216,1108733952
2079.521,1072291840,1108733952
2080.526,542273536,1108733952
2081.533,804757504,1108733952
2082.540,1036853248,1108733952
2083.546,951111680,1108733952
2084.552,957976576,1108733952
2085.557,1059090432,1108733952
2086.563,529571840,1108733952
2087.569,767078400,1108733952
2088.575,1049591808,1108733952
2089.581,915660800,1108733952
2090.586,932290560,1108733952
2091.592,1014505472,1108733952
2092.597,489738240,1108733952
2093.603,732131328,1108733952
2094.610,1026269184,1108733952
2095.616,1067544576,1108733952
2096.622,888938496,1108733952
2097.629,1021509632,1108733952
2098.635,396677120,1108733952
2099.640,694063104,1108733952
2100.647,993071104,1108733952
2101.654,1066303488,1108733952
2102.660,1028747264,1108733952
2103.666,990818304,1108733952
2104.672,1017106432,1108733952
2105.677,986218496,1108733952
2106.683,675856384,1108733952
2107.688,999337984,1108733952
2108.694,1027788800,1108733952
2109.700,1029562368,1108733952
2110.706,987037696,1108733952
2111.713,1021550592,1108733952
2112.718,1069002752,1108733952
2113.724,602316800,1108733952
2114.730,940457984,1108733952
2115.737,1025695744,1108733952
2116.744,1028235264,1108733952
2117.750,989937664,1108733952
2118.756,1018089472,1108733952
2119.762,1104785408,1108733952
2120.768,614551552,1108733952
2121.774,941371392,1108733952
2122.780,988164096,1108733952
2123.787,991158272,1108733952
2124.793,953708544,1108733952
2125.798,985341952,1108733952
2126.804,1066377216,1108733952
2127.809,630988800,1108733952
2128.815,947589120,1108733952
2129.822,1017712640,1108733952
2130.829,1032339456,1108733952
2131.835,994902016,1108733952
2132.841,1024921600,1108733952
2133.846,1108365312,1113063424
2134.852,676151296,1113063424
2135.858,997425152,1113063424
2136.864,1028554752,1113063424
2137.870,1030463488,1113063424
2138.876,967974912,1113063424
2139.882,995287040,1113063424
2140.887,1081262080,1113063424
2141.893,583671808,1113063424
2142.899,935157760,1113063424
2143.906,1029517312,1113063424
2144.912,1032224768,1113063424
2145.918,955363328,1113063424
2146.924,993640448,1113063424
2147.930,1086296064,1113063424
2148.935,566448128,1113063424
2149.941,863391744,1113063424
2150.947,995844096,1113063424
2151.954,1024323584,1113063424
2152.960,935374848,1113063424
2153.966,979132416,1113063424
2154.972,1075965952,1113063424
2155.977,551960576,1113063424
2156.983,805785600,1113063424
2157.990,1022795776,1113063424
2158.997,1010651136,1113063424
2160.003,904060928,1113063424
2161.009,951791616,1113063424
2162.015,1053351936,1113063424
2163.021,533082112,1113063424
2164.027,784711680,1113063424
2165.033,1057263616,1113063424
2166.039,1030123520,1113063424
2167.045,929374208,1113063424
2168.051,976359424,1113063424
2169.057,1077518336,1113063424
2170.062,548548608,1113063424
2171.068,773414912,1113063424
2172.075,1065111552,1113063424
2173.082,1030172672,1113063424
2174.088,890396672,1113063424
2175.094,946806784,1113063424
2176.099,1027006464,1113063424
2177.106,494862336,1113063424
2178.111,731828224,1113063424
2179.116,987623424,1113063424
2180.123,994201600,1113063424
2181.129,995627008,1113063424
2182.135,872198144,1113063424
2183.141,996417536,1113063424
2184.147,454025216,1113063424
2185.153,709599232,1113063424
2186.158,1003020288,1113063424
2187.164,1030365184,1113063424
2188.170,964898816,1113063424
2189.177,996114432,1113063424
2190.183,1084542976,1113063424
2191.189,580726784,1113063424
2192.195,885645312,1113063424
2193.201,1041317888,1113063424
2194.207,893652992,1113063424
2195.212,947449856,1113063424
2196.218,1029160960,1113063424
2197.224,496877568,1113198592
2198.229,737742848,1113198592
2199.235,1040273408,1113198592
2200.241,1075527680,1113198592
2201.247,997359616,1113198592
2202.253,1024090112,1113198592
2203.259,388677632,1113198592
2204.265,680226816,1113198592
2205.271,997376000,1113198592
2206.278,1071403008,1113198592
2207.284,956014592,1113198592
2208.291,992669696,1113198592
2209.297,1085730816,1113198592
2210.303,568004608,1113198592
2211.309,847974400,1113198592
2212.315,1047203840,1113198592
2213.322,1031405568,1113198592
2214.328,916557824,1113198592
2215.334,1035550720,1113198592
2216.340,463290368,1113198592
2217.347,709742592,1113198592
2218.353,1006096384,1113198592
2219.359,1070854144,1113198592
2220.365,961802240,1113198592
2221.371,994496512,1113198592
2222.377,1083211776,1113198592
2223.382,587968512,1113198592
2224.388,922767360,1113198592
2225.395,1065644032,1113198592
2226.400,896638976,1113198592
2227.406,951713792,1113198592
2228.412,1031446528,1113198592
2229.417,497000448,1114550272
2230.423,742305792,1114550272
2231.430,1033179136,1114550272
2232.437,1073610752,1114550272
2233.443,995602432,1114550272
2234.449,1027530752,1114550272
2235.454,1107939328,1114550272
2236.460,678793216,1114550272
2237.466,1013313536,1114550272
2238.472,1070993408,1114550272
2239.478,943603712,1114550272
2240.484,987729920,1114550272
2241.490,1084391424,1114550272
2242.496,555454464,1114550272
2243.502,832110592,1114550272
2244.509,1068662784,1114550272
2245.515,1034469376,1114550272
2246.520,921411584,1114550272
2247.526,1039536128,1114550272
2248.532,461475840,1114550272
2249.537,743378944,1114550272
2250.543,1021857792,1114550272
2251.548,1072467968,1114550272
2252.554,966668288,1114550272
2253.560,994713600,1114550272
2254.565,1083211776,1114550272
2255.576,527208448,1114550272
2256.583,731361280,1114550272
2257.590,993169408,1114550272
2258.596,1005813760,1114550272
2259.602,970633216,1114550272
2260.608,997634048,1114550272
2261.613,1084420096,1114550272
2262.619,662183936,1114550272
2263.625,978038784,1114550272
2264.631,1063264256,1114550272
2265.637,920985600,1114550272
2266.643,968613888,1114550272
2267.649,1072889856,1114550272
2268.655,556113920,1114550272
2269.660,801251328,1114550272
2270.667,1042214912,1114550272
2271.673,1079951360,1114550272
2272.679,910077952,1114550272
2273.685,1038868480,1114550272
2274.691,707870720,1127276544
2275.697,692482048,1127276544
2276.703,995205120,1127276544
2277.709,1056600064,1127276544
2278.714,951844864,1127276544
2279.721,979415040,1127276544
2280.727,1067913216,1127276544
2281.733,585564160,1127276544
2282.739,938151936,1127276544
2283.745,1071734784,1127276544
2284.751,926253056,1127276544
2285.757,972955648,1127276544
2286.763,1074012160,1127276544
2287.769,535302144,1127276544
2288.775,779882496,1127276544
2289.781,1068802048,1127276544
2290.787,1074741248,1127276544
2291.794,888152064,1127276544
2292.799,1030615040,1127276544
2293.805,1086918656,1127276544
2294.810,695697408,1127276544
2295.816,988950528,1127276544
2296.823,1071824896,1127276544
2297.829,952524800,1127276544
2298.835,991821824,1127276544
2299.841,1085513728,1127276544
2300.846,557490176,1127276544
2301.852,827244544,1127276544
2302.858,1030078464,1127276544
2303.864,1014964224,1127276544
2304.870,893710336,1127276544
2305.876,1017802752,1127276544
2306.881,452657152,1127276544
2307.886,706547712,1127276544
2308.892,999247872,1127276544
2309.898,1057304576,1127276544
2310.904,978702336,1127276544
2311.910,1007316992,1127276544
2312.915,1093468160,1127276544
2313.921,675856384,1127276544
2314.927,1009246208,1127276544
2315.933,1074282496,1127276544
2316.939,917581824,1127276544
2317.945,972165120,1127276544
2318.951,1063657472,1127276544
2319.957,530534400,1127276544
2320.962,782168064,1127276544
2321.969,1044967424,1127276544
2322.975,1077055488,1127276544
2323.981,998875136,1127276544
2324.987,1028775936,1127276544
2325.993,1097031680,1127276544
2326.999,692297728,1127276544
2328.005,986763264,1127276544
2329.012,1067577344,1127276544
2330.018,925102080,1127276544
2331.024,971821056,1127276544
2332.030,1070891008,1127276544
2333.036,534290432,1127276544
2334.042,766775296,1127276544
2335.048,1046470656,1127276544
2336.054,1031180288,1127276544
2337.060,993476608,1127276544
2338.065,1023819776,1127276544
2339.071,1074126848,1127276544
2340.076,688009216,1127276544
2341.082,987344896,1127276544
2342.089,1071521792,1127276544
2343.095,1033535488,1127276544
2344.101,926924800,1127276544
2345.107,1038405632,1127276544
2346.113,474501120,1127276544
2347.119,710733824,1127276544
2348.125,1008001024,1127276544
2349.131,1012793344,1127276544
2350.137,1015312384,1127276544
2351.144,925913088,1127276544
2352.150,1042952192,1127276544
2353.156,491216896,1127276544
2354.162,713732096,1127276544
2355.168,937259008,1127276544
2356.175,1025597440,1127276544
2357.181,900673536,1127276544
2358.187,951934976,1127276544
2359.193,1035223040,1127276544
2360.198,496332800,1127276544
2361.203,768167936,1127276544
2362.209,1050173440,1127276544
2363.215,1033019392,1127276544
2364.221,893149184,1127276544
2365.227,955105280,1127276544
2366.233,1035882496,1127276544
2367.239,496832512,1127276544
2368.245,736358400,1127276544
2369.251,1052913664,1127276544
2370.257,1029746688,1127276544
2371.262,899231744,1127276544
2372.268,953307136,1127276544
2373.274,1030692864,1127276544
2374.280,496545792,1127276544
2375.285,731209728,1127276544
2376.291,1030582272,1127276544
2377.297,1027289088,1127276544
2378.303,893775872,1127276544
2379.309,947167232,1127276544
2380.314,1024167936,1127276544
2381.319,496185344,1127276544
2382.325,755089408,1127276544
2383.331,1023844352,1127276544
2384.336,1032695808,1127276544
2385.342,1032441856,1127276544
2386.347,940212224,1127276544
2387.352,1060601856,1127276544
2388.358,460263424,1127276544
2389.364,718909440,1127276544
2390.369,1032163328,1127276544
2391.374,1026740224,1127276544
2392.380,1030164480,1127276544
2393.386,921100288,1127276544
2394.391,1031675904,1127276544
2395.397,444805120,1127276544
2396.402,703909888,1127276544
2397.408,992694272,1127276544
2398.414,1025445888,1127276544
2399.421,1028657152,1127276544
2400.427,898297856,1127276544
2401.432,1023750144,1127276544
2402.438,454434816,1127276544
2403.444,687783936,1127276544
2404.450,995164160,1127276544
2405.456,1009377280,1127276544
2406.462,1012609024,1127276544
2407.468,975015936,1127276544
2408.474,1004974080,1127276544
2409.479,386797568,1127276544
2410.485,674926592,1127276544
2411.490,981483520,1127276544
2412.497,1027407872,1127276544
2413.502,1030397952,1127276544
2414.508,992931840,1127276544
2415.513,1021718528,1127276544
2416.519,390877184,1127276544
2417.524,676687872,1127276544
2418.529,988635136,1127276544
2419.536,1009905664,1127276544
2420.542,1033342976,1127276544
2421.548,995295232,1127276544
2422.553,1024327680,1127276544
2423.559,1070661632,1127276544
2424.565,669159424,1127276544
2425.570,992415744,1127276544
2426.576,1020469248,1127276544
2427.582,1026441216,1127276544
2428.588,989077504,1127276544
2429.595,1018421248,1127276544
2430.601,391655424,1127276544
2431.606,692477952,1127276544
2432.611,1009184768,1127276544
2433.618,1032290304,1127276544
2434.624,1035341824,1127276544
2435.629,907857920,1127276544
2436.635,1033371648,1127276544
2437.641,427077632,1127276544
2438.646,700985344,1127276544
2439.652,1027444736,1127276544
2440.658,1032556544,1127276544
2441.663,1035739136,1127276544
2442.669,918142976,1127276544
2443.674,1037668352,1127276544
2444.679,442445824,1127276544
2445.685,744026112,1127276544
2446.691,1027649536,1127276544
2447.696,1028763648,1127276544
2448.703,1031405568,1127276544
2449.708,936779776,1127276544
2450.714,1058213888,1127276544
2451.719,479051776,1127276544
2452.725,724164608,1127276544
2453.731,1022992384,1127276544
2454.736,1031475200,1127276544
2455.741,1033764864,1127276544
2456.747,931270656,1127276544
2457.754,1039536128,1127276544
2458.759,471953408,1127276544
2459.765,727150592,1127276544
2460.770,1033957376,1127276544
2461.775,1032151040,1127276544
2462.781,906289152,1127276544
2463.787,958656512,1127276544
2464.792,1036902400,1127276544
2465.798,499781632,1127276544
2466.804,738476032,1127276544
2467.810,1057132544,1127276544
2468.816,1035124736,1127276544
2469.822,911257600,1127276544
2470.827,962220032,1127276544
2471.833,1039372288,1127276544
2472.838,503672832,1127276544
2473.843,739491840,1127276544
2474.849,1004797952,1127276544
2475.854,998281216,1127276544
2476.860,892194816,1127276544
2477.865,935796736,1127276544
2478.871,1019838464,1127276544
2479.877,521072640,1127276544
2480.882,745627648,1127276544
2481.887,1028608000,1127276544
2482.894,997376000,1127276544
2483.899,892301312,1127276544
2484.905,933748736,1127276544
2485.911,1025040384,1127276544
2486.917,518180864,1127276544
2487.923,734093312,1127276544
2488.928,1030729728,1127276544
2489.934,1031413760,1127276544
2490.941,948916224,1127276544
2491.946,988303360,1127276544
2492.952,1083260928,1127276544
2493.957,551841792,1127276544
2494.963,808173568,1127276544
2495.969,1047883776,1127276544
2496.975,1031831552,1127276544
2497.981,945139712,1127276544
2498.987,987385856,1127276544
2499.993,1081114624,1127276544
2500.998,558387200,1127276544
2502.004,787988480,1127276544
2503.010,1032880128,1127276544
2504.016,1032790016,1127276544
2505.022,939487232,1127276544
2506.027,978595840,1127276544
2507.033,1069535232,1127276544
2508.039,516026368,1127276544
2509.044,734756864,1127276544
2510.050,1026510848,1127276544
2511.056,1033605120,1127276544
2512.061,906616832,1127276544
2513.067,1030336512,1127276544
2514.072,414208000,1127276544
2515.078,685428736,1127276544
2516.083,1010327552,1127276544
2517.089,1065275392,1127276544
2518.094,959754240,1127276544
2519.100,988602368,1127276544
2520.105,1075576832,1127276544
2521.111,565026816,1127276544
2522.117,830320640,1127276544
2523.122,1042124800,1127276544
2524.128,881778688,1127276544
2525.134,930836480,1127276544
2526.140,1006297088,1127276544
2527.146,497053696,1127276544
2528.152,725843968,1127276544
2529.158,1027047424,1127276544
2530.163,1068625920,1127276544
2531.169,879476736,1127276544
2532.174,1020309504,1127276544
2533.179,388640768,1127276544
2534.185,684343296,1127276544
2535.191,997920768,1127276544
2536.197,1070292992,1127276544
2537.202,961933312,1127276544
2538.208,992329728,1127276544
2539.214,1079627776,1127276544
2540.220,565669888,1127276544
2541.226,844312576,1127276544
2542.232,1071316992,1127276544
2543.238,903299072,1127276544
2544.244,954007552,1127276544
2545.250,1032724480,1127276544
2546.256,493338624,1127276544
2547.262,717021184,1127276544
2548.267,1027350528,1127276544
2549.274,1073164288,1127276544
2550.279,996098048,1127276544
2551.285,1023729664,1127276544
2552.291,1063911424,1127276544
2553.299,585547776,1127276544
2554.305,922202112,1127276544
2555.310,1068720128,1127276544
2556.317,944570368,1127276544
2557.323,983465984,1127276544
2558.328,1078534144,1127276544
2559.333,530677760,1127276544
2560.338,734302208,1127276544
2561.344,1030098944,1127276544
2562.350,1030742016,1127276544
2563.356,995368960,1127276544
2564.361,1023275008,1127276544
2565.368,401301504,1127276544
2566.374,601673728,1127276544
2567.379,932761600,1127276544
2568.385,1049120768,1127276544
2569.391,932651008,1127276544
2570.397,969199616,1127276544
2571.402,1064517632,1127276544
2572.408,551706624,1127276544
2573.414,775278592,1127276544
2574.420,1003692032,1127276544
2575.426,994693120,1127276544
2576.432,871632896,1127276544
2577.438,992526336,1127276544
2578.444,425607168,1127276544
2579.449,693424128,1127276544
2580.455,988254208,1127276544
2581.461,1071673344,1127276544
2582.466,976515072,1127276544
2583.472,998060032,1127276544
2584.477,1084788736,1127276544
2585.482,583364608,1127276544
2586.487,922222592,1127276544
2587.493,1036607488,1127276544
2588.498,1012740096,1127276544
2589.503,974479360,1127276544
2590.509,1003159552,1127276544
2591.515,1087258624,1127276544
2592.521,630317056,1127276544
2593.527,935542784,1127276544
2594.532,1070260224,1127276544
2595.538,1034592256,1127276544
2596.544,992514048,1127276544
2597.549,1020850176,1127276544
2598.555,719286272,1127276544
2599.560,584409088,1127276544
2600.566,897810432,1127276544
2601.571,984776704,1127276544
2602.577,1013501952,1127276544
2603.583,975622144,1127276544
2604.589,1004318720,1127276544
2605.594,1044041728,1127276544
2606.600,600240128,1127276544
2607.605,963031040,1127276544
2608.611,1029353472,1127276544
2609.617,1032351744,1127276544
2610.623,996036608,1127276544
2611.629,1024229376,1127276544
2612.635,1068326912,1127276544
2613.641,638578688,1127276544
2614.647,950525952,1127276544
2615.653,1012461568,1127276544
2616.659,1014226944,1127276544
2617.664,966508544,1127276544
2618.670,1001201664,1127276544
2619.675,1077825536,1127276544
2620.680,585285632,1127276544
2621.686,906973184,1127276544
2622.692,1018417152,1127276544
2623.698,1027883008,1127276544
2624.704,966873088,1127276544
2625.709,991457280,1127276544
2626.715,1079898112,1127276544
2627.720,579747840,1127276544
2628.726,869957632,1127276544
2629.732,1055703040,1127276544
2630.738,1035657216,1127276544
2631.744,971374592,1127276544
2632.749,998010880,1127276544
2633.755,1084231680,1127276544
2634.760,576954368,1127276544
2635.766,843948032,1127276544
2636.772,1010520064,1127276544
2637.777,998166528,1127276544
2638.783,927207424,1127276544
2639.789,958377984,1127276544
2640.794,1046257664,1127276544
2641.799,566411264,1127276544
2642.805,849580032,1127276544
2643.811,1041330176,1127276544
2644.817,1032314880,1127276544
2645.823,950767616,1127276544
2646.829,988827648,1127276544
2647.835,1083572224,1127276544
2648.840,552681472,1127276544
2649.847,809758720,1127276544
2650.853,1018204160,1127276544
2651.859,1008082944,1127276544
2652.865,926703616,1127276544
2653.870,965943296,1127276544
2654.875,1059831808,1127276544
2655.880,557060096,1127276544
2656.886,812662784,1127276544
2657.892,1070989312,1127276544
2658.897,1035177984,1127276544
2659.902,972939264,1127276544
2660.909,998846464,1127276544
2661.914,1084424192,1127276544
2662.920,581705728,1127276544
2663.925,888467456,1127276544
2664.932,1073049600,1127276544
2665.938,1035436032,1127276544
2666.944,974696448,1127276544
2667.950,1000067072,1127276544
2668.957,1083883520,1127276544
2669.962,569298944,1127276544
2670.967,846897152,1127276544
2671.973,1011912704,1127276544
2672.980,996560896,1127276544
2673.986,926859264,1127276544
2674.992,957005824,1127276544
2675.998,1044836352,1127276544
2677.004,563470336,1127276544
2678.010,831873024,1127276544
2679.016,1040945152,1127276544
2680.022,1031974912,1127276544
2681.027,947847168,1127276544
2682.034,986595328,1127276544
2683.039,1081032704,1127276544
2684.045,543653888,1127276544
2685.050,762630144,1127276544
2686.057,999395328,1127276544
2687.063,994705408,1127276544
2688.069,888532992,1127276544
2689.075,927756288,1127276544
2690.081,1007767552,1127276544
2691.086,511193088,1127276544
2692.092,742535168,1127276544
2693.097,1038499840,1127276544
2694.103,1032908800,1127276544
2695.109,921243648,1127276544
2696.115,962121728,1127276544
2697.120,1038733312,1127276544
2698.125,503717888,1127276544
2699.131,734597120,1127276544
2700.137,1033629696,1127276544
2701.143,1030438912,1127276544
2702.148,893317120,1127276544
2703.154,945635328,1127276544
2704.159,1060651008,1127276544
2705.165,486858752,1127276544
2706.170,714649600,1127276544
2707.175,993091584,1127276544
2708.181,1012822016,1127276544
2709.187,1033723904,1127276544
2710.193,902516736,1127276544
2711.199,1028882432,1127276544
2712.204,398819328,1127276544
2713.210,687243264,1127276544
2714.215,994676736,1127276544
2715.221,1014755328,1127276544
2716.227,1035681792,1127276544
2717.233,998408192,1127276544
2718.239,1028313088,1127276544
2719.244,388096000,1127276544
2720.250,678256640,1127276544
2721.256,1000976384,1127276544
2722.262,1031004160,1127276544
2723.268,1034563584,1127276544
2724.273,997142528,1127276544
2725.279,1025556480,1127276544
2726.285,1110605824,1127276544
2727.291,662814720,1127276544
2728.296,975343616,1127276544
2729.302,1009295360,1127276544
2730.307,1014751232,1127276544
2731.313,975654912,1127276544
2732.319,1005142016,1127276544
2733.324,417378304,1127276544
2734.329,584757248,1127276544
2735.335,919851008,1127276544
2736.341,1063649280,1127276544
2737.348,1032245248,1127276544
2738.353,963117056,1127276544
2739.360,993660928,1127276544
2740.366,1081077760,1127276544
2741.371,570351616,1127276544
2742.376,889421824,1127276544
2743.383,1002610688,1127276544
2744.388,1034985472,1127276544
2745.394,957030400,1127276544
2746.400,993132544,1127276544
2747.405,1081307136,1127276544
2748.411,557318144,1127276544
2749.417,827047936,1127276544
2750.423,1045045248,1127276544
2751.429,1034899456,1127276544
2752.437,883994624,1127276544
